ISO-10303-21;
HEADER;
/* Generated by software containing ST-Developer
 * from STEP Tools, Inc. (www.steptools.com) 
 */

FILE_DESCRIPTION(
/* description */ (''),
/* implementation_level */ '2;1');

FILE_NAME(
/* name */ 'jump_body (v10~recovered).step',
/* time_stamp */ '2025-05-05T22:28:43-07:00',
/* author */ (''),
/* organization */ (''),
/* preprocessor_version */ 'ST-DEVELOPER v20.1',
/* originating_system */ 'Autodesk Translation Framework v14.4.0.0',
/* authorisation */ '');

FILE_SCHEMA (('AUTOMOTIVE_DESIGN { 1 0 10303 214 3 1 1 }'));
ENDSEC;

DATA;
#10=MECHANICAL_DESIGN_GEOMETRIC_PRESENTATION_REPRESENTATION('',(#61,#62,
#63,#64,#65,#66),#3877);
#11=ITEM_DEFINED_TRANSFORMATION($,$,#2215,#2436);
#12=ITEM_DEFINED_TRANSFORMATION($,$,#2316,#2437);
#13=ITEM_DEFINED_TRANSFORMATION($,$,#2268,#2438);
#14=ITEM_DEFINED_TRANSFORMATION($,$,#2288,#2439);
#15=ITEM_DEFINED_TRANSFORMATION($,$,#2316,#2440);
#16=(
REPRESENTATION_RELATIONSHIP($,$,#3898,#3897)
REPRESENTATION_RELATIONSHIP_WITH_TRANSFORMATION(#11)
SHAPE_REPRESENTATION_RELATIONSHIP()
);
#17=(
REPRESENTATION_RELATIONSHIP($,$,#3901,#3897)
REPRESENTATION_RELATIONSHIP_WITH_TRANSFORMATION(#12)
SHAPE_REPRESENTATION_RELATIONSHIP()
);
#18=(
REPRESENTATION_RELATIONSHIP($,$,#3899,#3897)
REPRESENTATION_RELATIONSHIP_WITH_TRANSFORMATION(#13)
SHAPE_REPRESENTATION_RELATIONSHIP()
);
#19=(
REPRESENTATION_RELATIONSHIP($,$,#3900,#3897)
REPRESENTATION_RELATIONSHIP_WITH_TRANSFORMATION(#14)
SHAPE_REPRESENTATION_RELATIONSHIP()
);
#20=(
REPRESENTATION_RELATIONSHIP($,$,#3901,#3897)
REPRESENTATION_RELATIONSHIP_WITH_TRANSFORMATION(#15)
SHAPE_REPRESENTATION_RELATIONSHIP()
);
#21=CONTEXT_DEPENDENT_SHAPE_REPRESENTATION(#16,#3892);
#22=CONTEXT_DEPENDENT_SHAPE_REPRESENTATION(#17,#3893);
#23=CONTEXT_DEPENDENT_SHAPE_REPRESENTATION(#18,#3894);
#24=CONTEXT_DEPENDENT_SHAPE_REPRESENTATION(#19,#3895);
#25=CONTEXT_DEPENDENT_SHAPE_REPRESENTATION(#20,#3896);
#26=NEXT_ASSEMBLY_USAGE_OCCURRENCE('H_hook v5:1','H_hook v5:1',
'H_hook v5:1',#3903,#3904,'H_hook v5:1');
#27=NEXT_ASSEMBLY_USAGE_OCCURRENCE('axle v2:2','axle v2:2','axle v2:2',
#3903,#3907,'axle v2:2');
#28=NEXT_ASSEMBLY_USAGE_OCCURRENCE('A_hook v9:1','A_hook v9:1',
'A_hook v9:1',#3903,#3905,'A_hook v9:1');
#29=NEXT_ASSEMBLY_USAGE_OCCURRENCE('nose_cone v6:1','nose_cone v6:1',
'nose_cone v6:1',#3903,#3906,'nose_cone v6:1');
#30=NEXT_ASSEMBLY_USAGE_OCCURRENCE('axle v2:3','axle v2:3','axle v2:3',
#3903,#3907,'axle v2:3');
#31=(
BOUNDED_CURVE()
B_SPLINE_CURVE(2,(#3601,#3602,#3603),.UNSPECIFIED.,.F.,.F.)
B_SPLINE_CURVE_WITH_KNOTS((3,3),(0.0317946181859533,0.253240315700096),
 .UNSPECIFIED.)
CURVE()
GEOMETRIC_REPRESENTATION_ITEM()
RATIONAL_B_SPLINE_CURVE((1.00017895052691,1.00071265972854,1.))
REPRESENTATION_ITEM('')
);
#32=(
BOUNDED_CURVE()
B_SPLINE_CURVE(2,(#3609,#3610,#3611),.UNSPECIFIED.,.F.,.F.)
B_SPLINE_CURVE_WITH_KNOTS((3,3),(0.,0.0823314533412829),.UNSPECIFIED.)
CURVE()
GEOMETRIC_REPRESENTATION_ITEM()
RATIONAL_B_SPLINE_CURVE((1.,1.00113555881887,1.00188817691829))
REPRESENTATION_ITEM('')
);
#33=(
BOUNDED_CURVE()
B_SPLINE_CURVE(2,(#3618,#3619,#3620),.UNSPECIFIED.,.F.,.F.)
B_SPLINE_CURVE_WITH_KNOTS((3,3),(0.405954086240668,0.488285539581951),
 .UNSPECIFIED.)
CURVE()
GEOMETRIC_REPRESENTATION_ITEM()
RATIONAL_B_SPLINE_CURVE((1.00188817691829,1.00113555881887,1.))
REPRESENTATION_ITEM('')
);
#34=(
BOUNDED_CURVE()
B_SPLINE_CURVE(2,(#3628,#3629,#3630),.UNSPECIFIED.,.F.,.F.)
B_SPLINE_CURVE_WITH_KNOTS((3,3),(0.,0.221445697514218),.UNSPECIFIED.)
CURVE()
GEOMETRIC_REPRESENTATION_ITEM()
RATIONAL_B_SPLINE_CURVE((1.,1.00071265973196,1.00017895052777))
REPRESENTATION_ITEM('')
);
#35=(
BOUNDED_SURFACE()
B_SPLINE_SURFACE(2,2,((#3345,#3346,#3347,#3348,#3349,#3350,#3351,#3352,
#3353),(#3354,#3355,#3356,#3357,#3358,#3359,#3360,#3361,#3362),(#3363,#3364,
#3365,#3366,#3367,#3368,#3369,#3370,#3371)),.UNSPECIFIED.,.F.,.T.,.F.)
B_SPLINE_SURFACE_WITH_KNOTS((3,3),(3,2,2,2,3),(0.0133269695894926,0.714212818934893),
(-3.14159265358979,-1.5707963267949,0.,1.5707963267949,3.14159265358979),
 .UNSPECIFIED.)
GEOMETRIC_REPRESENTATION_ITEM()
RATIONAL_B_SPLINE_SURFACE(((1.,0.707106781186548,1.,0.707106781186548,1.,
0.707106781186548,1.,0.707106781186548,1.),(0.939220742809074,0.664129356271362,
0.939220742809074,0.664129356271362,0.939220742809074,0.664129356271362,
0.939220742809074,0.664129356271362,0.939220742809074),(1.,0.707106781186548,
1.,0.707106781186548,1.,0.707106781186548,1.,0.707106781186548,1.)))
REPRESENTATION_ITEM('')
SURFACE()
);
#36=(
BOUNDED_SURFACE()
B_SPLINE_SURFACE(2,2,((#3382,#3383,#3384,#3385,#3386,#3387,#3388,#3389,
#3390),(#3391,#3392,#3393,#3394,#3395,#3396,#3397,#3398,#3399),(#3400,#3401,
#3402,#3403,#3404,#3405,#3406,#3407,#3408)),.UNSPECIFIED.,.F.,.T.,.F.)
B_SPLINE_SURFACE_WITH_KNOTS((3,3),(3,2,2,2,3),(-0.00806069258298569,0.769073446807716),
(-3.14159265358979,-1.5707963267949,0.,1.5707963267949,3.14159265358979),
 .UNSPECIFIED.)
GEOMETRIC_REPRESENTATION_ITEM()
RATIONAL_B_SPLINE_SURFACE(((1.,0.707106781186548,1.,0.707106781186548,1.,
0.707106781186548,1.,0.707106781186548,1.),(0.925452893619632,0.654394016747154,
0.925452893619632,0.654394016747154,0.925452893619632,0.654394016747154,
0.925452893619632,0.654394016747154,0.925452893619632),(1.,0.707106781186548,
1.,0.707106781186548,1.,0.707106781186548,1.,0.707106781186548,1.)))
REPRESENTATION_ITEM('')
SURFACE()
);
#37=CONICAL_SURFACE('',#2289,0.750000000000002,0.714212818934892);
#38=CONICAL_SURFACE('',#2293,18.5061266700141,0.0133269695894934);
#39=CONICAL_SURFACE('',#2303,17.5,0.785398163397449);
#40=CONICAL_SURFACE('',#2311,18.25,0.785398163397449);
#41=CONICAL_SURFACE('',#2343,19.25,0.643501108793284);
#42=OPEN_SHELL('',(#2085,#2086,#2087,#2088,#2089));
#43=SHELL_BASED_SURFACE_MODEL('Body1',(#42));
#44=B_SPLINE_CURVE_WITH_KNOTS('',3,(#3269,#3270,#3271,#3272,#3273,#3274,
#3275,#3276,#3277,#3278,#3279,#3280,#3281,#3282,#3283,#3284,#3285,#3286),
 .UNSPECIFIED.,.F.,.F.,(4,2,2,2,2,2,2,2,4),(0.,0.0565258087396384,0.113051617479277,
0.169577365591669,0.226103113704062,0.282628861816455,0.339154609928848,
0.395680418668486,0.452206227408125),.UNSPECIFIED.);
#45=B_SPLINE_CURVE_WITH_KNOTS('',3,(#3287,#3288,#3289,#3290,#3291,#3292,
#3293,#3294,#3295,#3296,#3297,#3298,#3299,#3300,#3301,#3302,#3303,#3304),
 .UNSPECIFIED.,.F.,.F.,(4,2,2,2,2,2,2,2,4),(0.452206227408125,0.508732036147763,
0.565257844887402,0.621783592999795,0.678309341112188,0.734835089224581,
0.791360837336973,0.847886646076611,0.90441245481625),.UNSPECIFIED.);
#46=B_SPLINE_CURVE_WITH_KNOTS('',3,(#3501,#3502,#3503,#3504,#3505,#3506,
#3507,#3508,#3509,#3510),.UNSPECIFIED.,.F.,.F.,(4,2,2,2,4),(0.226103113704062,
0.282628861816455,0.339154609928848,0.395680418668487,0.452206227408125),
 .UNSPECIFIED.);
#47=B_SPLINE_CURVE_WITH_KNOTS('',3,(#3512,#3513,#3514,#3515,#3516,#3517,
#3518,#3519,#3520,#3521,#3522,#3523,#3524,#3525,#3526,#3527,#3528,#3529,
#3530),.UNSPECIFIED.,.F.,.F.,(4,2,2,2,3,2,2,2,4),(0.678309341112187,0.73483508922458,
0.791360837336973,0.847886646076612,0.90441245481625,0.960938263555888,
1.01746407229553,1.07398982040792,1.13051556852031),.UNSPECIFIED.);
#48=B_SPLINE_CURVE_WITH_KNOTS('',3,(#3531,#3532,#3533,#3534,#3535,#3536,
#3537,#3538,#3539,#3540),.UNSPECIFIED.,.F.,.F.,(4,2,2,2,4),(0.452206227408125,
0.508732036147763,0.565257844887402,0.621783592999795,0.678309341112187),
 .UNSPECIFIED.);
#49=B_SPLINE_CURVE_WITH_KNOTS('',3,(#3544,#3545,#3546,#3547,#3548,#3549,
#3550,#3551,#3552,#3553,#3554,#3555,#3556,#3557,#3558,#3559,#3560,#3561),
 .UNSPECIFIED.,.F.,.F.,(4,2,2,2,2,2,2,2,4),(0.,0.0565311846026435,0.113062369205287,
0.169593461279302,0.226124553353317,0.282655645427332,0.339186737501347,
0.39571792210399,0.452249106706633),.UNSPECIFIED.);
#50=B_SPLINE_CURVE_WITH_KNOTS('',3,(#3562,#3563,#3564,#3565,#3566,#3567,
#3568,#3569,#3570,#3571,#3572,#3573,#3574,#3575,#3576,#3577,#3578,#3579),
 .UNSPECIFIED.,.F.,.F.,(4,2,2,2,2,2,2,2,4),(0.452249106706633,0.508780291309277,
0.56531147591192,0.621842567985935,0.67837366005995,0.734904752133965,0.79143584420798,
0.847967028810624,0.904498213413267),.UNSPECIFIED.);
#51=SHAPE_REPRESENTATION_RELATIONSHIP('SRR','None',#3898,#56);
#52=SHAPE_REPRESENTATION_RELATIONSHIP('SRR','None',#3899,#57);
#53=SHAPE_REPRESENTATION_RELATIONSHIP('SRR','None',#3900,#58);
#54=SHAPE_REPRESENTATION_RELATIONSHIP('SRR','None',#3901,#59);
#55=SHAPE_REPRESENTATION_RELATIONSHIP('SRR','None',#3897,#60);
#56=ADVANCED_BREP_SHAPE_REPRESENTATION('',(#67),#3873);
#57=ADVANCED_BREP_SHAPE_REPRESENTATION('',(#68),#3874);
#58=ADVANCED_BREP_SHAPE_REPRESENTATION('',(#69),#3875);
#59=ADVANCED_BREP_SHAPE_REPRESENTATION('',(#70),#3876);
#60=ADVANCED_BREP_SHAPE_REPRESENTATION('',(#71),#3872);
#61=STYLED_ITEM('',(#3926),#67);
#62=STYLED_ITEM('',(#3926),#68);
#63=STYLED_ITEM('',(#3926),#43);
#64=STYLED_ITEM('',(#3926),#69);
#65=STYLED_ITEM('',(#3926),#70);
#66=STYLED_ITEM('',(#3926),#71);
#67=MANIFOLD_SOLID_BREP('Body1',#2164);
#68=MANIFOLD_SOLID_BREP('Body1',#2165);
#69=MANIFOLD_SOLID_BREP('Body2',#2166);
#70=MANIFOLD_SOLID_BREP('Body1',#2167);
#71=MANIFOLD_SOLID_BREP('Body1',#2168);
#72=FACE_BOUND('',#300,.T.);
#73=FACE_BOUND('',#303,.T.);
#74=FACE_BOUND('',#304,.T.);
#75=FACE_BOUND('',#305,.T.);
#76=FACE_BOUND('',#308,.T.);
#77=FACE_BOUND('',#309,.T.);
#78=FACE_BOUND('',#310,.T.);
#79=FACE_BOUND('',#313,.T.);
#80=FACE_BOUND('',#314,.T.);
#81=FACE_BOUND('',#322,.T.);
#82=FACE_BOUND('',#324,.T.);
#83=FACE_BOUND('',#325,.T.);
#84=FACE_BOUND('',#335,.T.);
#85=FACE_BOUND('',#341,.T.);
#86=FACE_BOUND('',#348,.T.);
#87=FACE_BOUND('',#352,.T.);
#88=FACE_BOUND('',#356,.T.);
#89=FACE_BOUND('',#360,.T.);
#90=FACE_BOUND('',#367,.T.);
#91=FACE_BOUND('',#369,.T.);
#92=FACE_BOUND('',#370,.T.);
#93=FACE_BOUND('',#371,.T.);
#94=FACE_BOUND('',#376,.T.);
#95=FACE_BOUND('',#383,.T.);
#96=FACE_BOUND('',#388,.T.);
#97=FACE_BOUND('',#392,.T.);
#98=FACE_BOUND('',#396,.T.);
#99=FACE_BOUND('',#407,.T.);
#100=FACE_BOUND('',#415,.T.);
#101=FACE_BOUND('',#417,.T.);
#102=FACE_BOUND('',#430,.T.);
#103=FACE_BOUND('',#438,.T.);
#104=FACE_BOUND('',#439,.T.);
#105=FACE_BOUND('',#442,.T.);
#106=PLANE('',#2225);
#107=PLANE('',#2229);
#108=PLANE('',#2233);
#109=PLANE('',#2237);
#110=PLANE('',#2242);
#111=PLANE('',#2249);
#112=PLANE('',#2255);
#113=PLANE('',#2259);
#114=PLANE('',#2266);
#115=PLANE('',#2267);
#116=PLANE('',#2269);
#117=PLANE('',#2270);
#118=PLANE('',#2271);
#119=PLANE('',#2272);
#120=PLANE('',#2273);
#121=PLANE('',#2276);
#122=PLANE('',#2278);
#123=PLANE('',#2281);
#124=PLANE('',#2282);
#125=PLANE('',#2283);
#126=PLANE('',#2284);
#127=PLANE('',#2285);
#128=PLANE('',#2286);
#129=PLANE('',#2287);
#130=PLANE('',#2295);
#131=PLANE('',#2301);
#132=PLANE('',#2307);
#133=PLANE('',#2313);
#134=PLANE('',#2317);
#135=PLANE('',#2321);
#136=PLANE('',#2325);
#137=PLANE('',#2326);
#138=PLANE('',#2336);
#139=PLANE('',#2338);
#140=PLANE('',#2339);
#141=PLANE('',#2340);
#142=PLANE('',#2341);
#143=PLANE('',#2342);
#144=PLANE('',#2352);
#145=PLANE('',#2355);
#146=PLANE('',#2360);
#147=PLANE('',#2361);
#148=PLANE('',#2363);
#149=PLANE('',#2365);
#150=PLANE('',#2368);
#151=PLANE('',#2371);
#152=PLANE('',#2376);
#153=PLANE('',#2380);
#154=PLANE('',#2381);
#155=PLANE('',#2387);
#156=PLANE('',#2390);
#157=PLANE('',#2393);
#158=PLANE('',#2397);
#159=PLANE('',#2398);
#160=PLANE('',#2402);
#161=PLANE('',#2406);
#162=PLANE('',#2410);
#163=PLANE('',#2414);
#164=PLANE('',#2418);
#165=PLANE('',#2419);
#166=PLANE('',#2425);
#167=PLANE('',#2428);
#168=PLANE('',#2431);
#169=PLANE('',#2432);
#170=PLANE('',#2435);
#171=FACE_OUTER_BOUND('',#290,.T.);
#172=FACE_OUTER_BOUND('',#291,.T.);
#173=FACE_OUTER_BOUND('',#292,.T.);
#174=FACE_OUTER_BOUND('',#293,.T.);
#175=FACE_OUTER_BOUND('',#294,.T.);
#176=FACE_OUTER_BOUND('',#295,.T.);
#177=FACE_OUTER_BOUND('',#296,.T.);
#178=FACE_OUTER_BOUND('',#297,.T.);
#179=FACE_OUTER_BOUND('',#298,.T.);
#180=FACE_OUTER_BOUND('',#299,.T.);
#181=FACE_OUTER_BOUND('',#301,.T.);
#182=FACE_OUTER_BOUND('',#302,.T.);
#183=FACE_OUTER_BOUND('',#306,.T.);
#184=FACE_OUTER_BOUND('',#307,.T.);
#185=FACE_OUTER_BOUND('',#311,.T.);
#186=FACE_OUTER_BOUND('',#312,.T.);
#187=FACE_OUTER_BOUND('',#315,.T.);
#188=FACE_OUTER_BOUND('',#316,.T.);
#189=FACE_OUTER_BOUND('',#317,.T.);
#190=FACE_OUTER_BOUND('',#318,.T.);
#191=FACE_OUTER_BOUND('',#319,.T.);
#192=FACE_OUTER_BOUND('',#320,.T.);
#193=FACE_OUTER_BOUND('',#321,.T.);
#194=FACE_OUTER_BOUND('',#323,.T.);
#195=FACE_OUTER_BOUND('',#326,.T.);
#196=FACE_OUTER_BOUND('',#327,.T.);
#197=FACE_OUTER_BOUND('',#328,.T.);
#198=FACE_OUTER_BOUND('',#329,.T.);
#199=FACE_OUTER_BOUND('',#330,.T.);
#200=FACE_OUTER_BOUND('',#331,.T.);
#201=FACE_OUTER_BOUND('',#332,.T.);
#202=FACE_OUTER_BOUND('',#333,.T.);
#203=FACE_OUTER_BOUND('',#334,.T.);
#204=FACE_OUTER_BOUND('',#336,.T.);
#205=FACE_OUTER_BOUND('',#337,.T.);
#206=FACE_OUTER_BOUND('',#338,.T.);
#207=FACE_OUTER_BOUND('',#339,.T.);
#208=FACE_OUTER_BOUND('',#340,.T.);
#209=FACE_OUTER_BOUND('',#342,.T.);
#210=FACE_OUTER_BOUND('',#343,.T.);
#211=FACE_OUTER_BOUND('',#344,.T.);
#212=FACE_OUTER_BOUND('',#345,.T.);
#213=FACE_OUTER_BOUND('',#346,.T.);
#214=FACE_OUTER_BOUND('',#347,.T.);
#215=FACE_OUTER_BOUND('',#349,.T.);
#216=FACE_OUTER_BOUND('',#350,.T.);
#217=FACE_OUTER_BOUND('',#351,.T.);
#218=FACE_OUTER_BOUND('',#353,.T.);
#219=FACE_OUTER_BOUND('',#354,.T.);
#220=FACE_OUTER_BOUND('',#355,.T.);
#221=FACE_OUTER_BOUND('',#357,.T.);
#222=FACE_OUTER_BOUND('',#358,.T.);
#223=FACE_OUTER_BOUND('',#359,.T.);
#224=FACE_OUTER_BOUND('',#361,.T.);
#225=FACE_OUTER_BOUND('',#362,.T.);
#226=FACE_OUTER_BOUND('',#363,.T.);
#227=FACE_OUTER_BOUND('',#364,.T.);
#228=FACE_OUTER_BOUND('',#365,.T.);
#229=FACE_OUTER_BOUND('',#366,.T.);
#230=FACE_OUTER_BOUND('',#368,.T.);
#231=FACE_OUTER_BOUND('',#372,.T.);
#232=FACE_OUTER_BOUND('',#373,.T.);
#233=FACE_OUTER_BOUND('',#374,.T.);
#234=FACE_OUTER_BOUND('',#375,.T.);
#235=FACE_OUTER_BOUND('',#377,.T.);
#236=FACE_OUTER_BOUND('',#378,.T.);
#237=FACE_OUTER_BOUND('',#379,.T.);
#238=FACE_OUTER_BOUND('',#380,.T.);
#239=FACE_OUTER_BOUND('',#381,.T.);
#240=FACE_OUTER_BOUND('',#382,.T.);
#241=FACE_OUTER_BOUND('',#384,.T.);
#242=FACE_OUTER_BOUND('',#385,.T.);
#243=FACE_OUTER_BOUND('',#386,.T.);
#244=FACE_OUTER_BOUND('',#387,.T.);
#245=FACE_OUTER_BOUND('',#389,.T.);
#246=FACE_OUTER_BOUND('',#390,.T.);
#247=FACE_OUTER_BOUND('',#391,.T.);
#248=FACE_OUTER_BOUND('',#393,.T.);
#249=FACE_OUTER_BOUND('',#394,.T.);
#250=FACE_OUTER_BOUND('',#395,.T.);
#251=FACE_OUTER_BOUND('',#397,.T.);
#252=FACE_OUTER_BOUND('',#398,.T.);
#253=FACE_OUTER_BOUND('',#399,.T.);
#254=FACE_OUTER_BOUND('',#400,.T.);
#255=FACE_OUTER_BOUND('',#401,.T.);
#256=FACE_OUTER_BOUND('',#402,.T.);
#257=FACE_OUTER_BOUND('',#403,.T.);
#258=FACE_OUTER_BOUND('',#404,.T.);
#259=FACE_OUTER_BOUND('',#405,.T.);
#260=FACE_OUTER_BOUND('',#406,.T.);
#261=FACE_OUTER_BOUND('',#408,.T.);
#262=FACE_OUTER_BOUND('',#409,.T.);
#263=FACE_OUTER_BOUND('',#410,.T.);
#264=FACE_OUTER_BOUND('',#411,.T.);
#265=FACE_OUTER_BOUND('',#412,.T.);
#266=FACE_OUTER_BOUND('',#413,.T.);
#267=FACE_OUTER_BOUND('',#414,.T.);
#268=FACE_OUTER_BOUND('',#416,.T.);
#269=FACE_OUTER_BOUND('',#418,.T.);
#270=FACE_OUTER_BOUND('',#419,.T.);
#271=FACE_OUTER_BOUND('',#420,.T.);
#272=FACE_OUTER_BOUND('',#421,.T.);
#273=FACE_OUTER_BOUND('',#422,.T.);
#274=FACE_OUTER_BOUND('',#423,.T.);
#275=FACE_OUTER_BOUND('',#424,.T.);
#276=FACE_OUTER_BOUND('',#425,.T.);
#277=FACE_OUTER_BOUND('',#426,.T.);
#278=FACE_OUTER_BOUND('',#427,.T.);
#279=FACE_OUTER_BOUND('',#428,.T.);
#280=FACE_OUTER_BOUND('',#429,.T.);
#281=FACE_OUTER_BOUND('',#431,.T.);
#282=FACE_OUTER_BOUND('',#432,.T.);
#283=FACE_OUTER_BOUND('',#433,.T.);
#284=FACE_OUTER_BOUND('',#434,.T.);
#285=FACE_OUTER_BOUND('',#435,.T.);
#286=FACE_OUTER_BOUND('',#436,.T.);
#287=FACE_OUTER_BOUND('',#437,.T.);
#288=FACE_OUTER_BOUND('',#440,.T.);
#289=FACE_OUTER_BOUND('',#441,.T.);
#290=EDGE_LOOP('',(#1406,#1407,#1408,#1409));
#291=EDGE_LOOP('',(#1410,#1411,#1412,#1413));
#292=EDGE_LOOP('',(#1414,#1415,#1416,#1417));
#293=EDGE_LOOP('',(#1418,#1419,#1420,#1421,#1422,#1423,#1424,#1425,#1426,
#1427,#1428,#1429));
#294=EDGE_LOOP('',(#1430,#1431,#1432,#1433));
#295=EDGE_LOOP('',(#1434,#1435,#1436,#1437,#1438,#1439,#1440,#1441,#1442,
#1443,#1444,#1445));
#296=EDGE_LOOP('',(#1446,#1447,#1448,#1449));
#297=EDGE_LOOP('',(#1450,#1451,#1452,#1453));
#298=EDGE_LOOP('',(#1454,#1455,#1456,#1457));
#299=EDGE_LOOP('',(#1458,#1459,#1460,#1461,#1462,#1463));
#300=EDGE_LOOP('',(#1464));
#301=EDGE_LOOP('',(#1465,#1466,#1467,#1468));
#302=EDGE_LOOP('',(#1469,#1470,#1471,#1472));
#303=EDGE_LOOP('',(#1473));
#304=EDGE_LOOP('',(#1474));
#305=EDGE_LOOP('',(#1475));
#306=EDGE_LOOP('',(#1476,#1477,#1478,#1479));
#307=EDGE_LOOP('',(#1480,#1481,#1482,#1483));
#308=EDGE_LOOP('',(#1484));
#309=EDGE_LOOP('',(#1485));
#310=EDGE_LOOP('',(#1486));
#311=EDGE_LOOP('',(#1487,#1488,#1489,#1490));
#312=EDGE_LOOP('',(#1491,#1492,#1493,#1494,#1495,#1496));
#313=EDGE_LOOP('',(#1497));
#314=EDGE_LOOP('',(#1498));
#315=EDGE_LOOP('',(#1499,#1500,#1501,#1502));
#316=EDGE_LOOP('',(#1503,#1504,#1505,#1506));
#317=EDGE_LOOP('',(#1507,#1508,#1509,#1510));
#318=EDGE_LOOP('',(#1511,#1512,#1513,#1514));
#319=EDGE_LOOP('',(#1515,#1516,#1517,#1518));
#320=EDGE_LOOP('',(#1519,#1520,#1521,#1522));
#321=EDGE_LOOP('',(#1523,#1524,#1525,#1526,#1527,#1528));
#322=EDGE_LOOP('',(#1529));
#323=EDGE_LOOP('',(#1530,#1531,#1532,#1533,#1534,#1535));
#324=EDGE_LOOP('',(#1536));
#325=EDGE_LOOP('',(#1537));
#326=EDGE_LOOP('',(#1538,#1539,#1540,#1541));
#327=EDGE_LOOP('',(#1542,#1543,#1544,#1545,#1546,#1547,#1548,#1549,#1550));
#328=EDGE_LOOP('',(#1551,#1552,#1553,#1554));
#329=EDGE_LOOP('',(#1555,#1556,#1557,#1558));
#330=EDGE_LOOP('',(#1559,#1560,#1561,#1562));
#331=EDGE_LOOP('',(#1563,#1564,#1565,#1566,#1567));
#332=EDGE_LOOP('',(#1568,#1569,#1570,#1571));
#333=EDGE_LOOP('',(#1572,#1573,#1574,#1575,#1576,#1577,#1578,#1579,#1580));
#334=EDGE_LOOP('',(#1581,#1582,#1583,#1584));
#335=EDGE_LOOP('',(#1585,#1586));
#336=EDGE_LOOP('',(#1587,#1588,#1589,#1590,#1591,#1592,#1593,#1594));
#337=EDGE_LOOP('',(#1595,#1596,#1597,#1598));
#338=EDGE_LOOP('',(#1599,#1600,#1601,#1602));
#339=EDGE_LOOP('',(#1603,#1604,#1605,#1606,#1607,#1608,#1609,#1610));
#340=EDGE_LOOP('',(#1611,#1612,#1613,#1614));
#341=EDGE_LOOP('',(#1615));
#342=EDGE_LOOP('',(#1616,#1617,#1618,#1619));
#343=EDGE_LOOP('',(#1620,#1621,#1622,#1623));
#344=EDGE_LOOP('',(#1624,#1625,#1626));
#345=EDGE_LOOP('',(#1627,#1628,#1629,#1630));
#346=EDGE_LOOP('',(#1631,#1632,#1633,#1634));
#347=EDGE_LOOP('',(#1635));
#348=EDGE_LOOP('',(#1636));
#349=EDGE_LOOP('',(#1637,#1638,#1639));
#350=EDGE_LOOP('',(#1640,#1641,#1642,#1643));
#351=EDGE_LOOP('',(#1644));
#352=EDGE_LOOP('',(#1645));
#353=EDGE_LOOP('',(#1646,#1647,#1648,#1649));
#354=EDGE_LOOP('',(#1650,#1651,#1652,#1653));
#355=EDGE_LOOP('',(#1654));
#356=EDGE_LOOP('',(#1655));
#357=EDGE_LOOP('',(#1656,#1657,#1658,#1659));
#358=EDGE_LOOP('',(#1660,#1661,#1662,#1663));
#359=EDGE_LOOP('',(#1664));
#360=EDGE_LOOP('',(#1665));
#361=EDGE_LOOP('',(#1666,#1667,#1668,#1669));
#362=EDGE_LOOP('',(#1670));
#363=EDGE_LOOP('',(#1671,#1672,#1673,#1674));
#364=EDGE_LOOP('',(#1675));
#365=EDGE_LOOP('',(#1676,#1677,#1678,#1679));
#366=EDGE_LOOP('',(#1680,#1681,#1682,#1683));
#367=EDGE_LOOP('',(#1684));
#368=EDGE_LOOP('',(#1685,#1686));
#369=EDGE_LOOP('',(#1687));
#370=EDGE_LOOP('',(#1688,#1689,#1690,#1691,#1692,#1693,#1694,#1695));
#371=EDGE_LOOP('',(#1696,#1697,#1698,#1699));
#372=EDGE_LOOP('',(#1700,#1701,#1702,#1703));
#373=EDGE_LOOP('',(#1704,#1705,#1706,#1707,#1708,#1709,#1710));
#374=EDGE_LOOP('',(#1711,#1712));
#375=EDGE_LOOP('',(#1713,#1714,#1715,#1716,#1717,#1718,#1719,#1720));
#376=EDGE_LOOP('',(#1721));
#377=EDGE_LOOP('',(#1722,#1723,#1724,#1725));
#378=EDGE_LOOP('',(#1726,#1727,#1728,#1729));
#379=EDGE_LOOP('',(#1730,#1731,#1732,#1733));
#380=EDGE_LOOP('',(#1734,#1735,#1736,#1737));
#381=EDGE_LOOP('',(#1738,#1739,#1740,#1741,#1742,#1743));
#382=EDGE_LOOP('',(#1744,#1745,#1746,#1747,#1748,#1749,#1750,#1751));
#383=EDGE_LOOP('',(#1752,#1753,#1754));
#384=EDGE_LOOP('',(#1755,#1756,#1757,#1758));
#385=EDGE_LOOP('',(#1759,#1760,#1761,#1762,#1763,#1764,#1765));
#386=EDGE_LOOP('',(#1766,#1767,#1768,#1769));
#387=EDGE_LOOP('',(#1770,#1771,#1772,#1773));
#388=EDGE_LOOP('',(#1774));
#389=EDGE_LOOP('',(#1775,#1776,#1777,#1778));
#390=EDGE_LOOP('',(#1779,#1780,#1781,#1782));
#391=EDGE_LOOP('',(#1783,#1784,#1785,#1786));
#392=EDGE_LOOP('',(#1787));
#393=EDGE_LOOP('',(#1788,#1789,#1790,#1791));
#394=EDGE_LOOP('',(#1792,#1793,#1794,#1795));
#395=EDGE_LOOP('',(#1796,#1797));
#396=EDGE_LOOP('',(#1798,#1799));
#397=EDGE_LOOP('',(#1800,#1801,#1802,#1803));
#398=EDGE_LOOP('',(#1804,#1805,#1806,#1807));
#399=EDGE_LOOP('',(#1808,#1809,#1810,#1811));
#400=EDGE_LOOP('',(#1812,#1813,#1814,#1815));
#401=EDGE_LOOP('',(#1816,#1817,#1818,#1819));
#402=EDGE_LOOP('',(#1820,#1821,#1822,#1823));
#403=EDGE_LOOP('',(#1824,#1825,#1826,#1827));
#404=EDGE_LOOP('',(#1828,#1829,#1830,#1831));
#405=EDGE_LOOP('',(#1832,#1833,#1834,#1835));
#406=EDGE_LOOP('',(#1836,#1837,#1838,#1839,#1840,#1841,#1842,#1843));
#407=EDGE_LOOP('',(#1844,#1845,#1846,#1847,#1848,#1849,#1850,#1851));
#408=EDGE_LOOP('',(#1852,#1853,#1854,#1855));
#409=EDGE_LOOP('',(#1856,#1857,#1858,#1859));
#410=EDGE_LOOP('',(#1860,#1861,#1862,#1863));
#411=EDGE_LOOP('',(#1864,#1865,#1866,#1867));
#412=EDGE_LOOP('',(#1868,#1869,#1870,#1871));
#413=EDGE_LOOP('',(#1872,#1873,#1874,#1875));
#414=EDGE_LOOP('',(#1876,#1877,#1878,#1879));
#415=EDGE_LOOP('',(#1880,#1881));
#416=EDGE_LOOP('',(#1882));
#417=EDGE_LOOP('',(#1883));
#418=EDGE_LOOP('',(#1884,#1885,#1886,#1887));
#419=EDGE_LOOP('',(#1888,#1889,#1890,#1891));
#420=EDGE_LOOP('',(#1892,#1893,#1894,#1895));
#421=EDGE_LOOP('',(#1896,#1897,#1898,#1899));
#422=EDGE_LOOP('',(#1900,#1901,#1902,#1903));
#423=EDGE_LOOP('',(#1904,#1905,#1906,#1907));
#424=EDGE_LOOP('',(#1908,#1909,#1910,#1911));
#425=EDGE_LOOP('',(#1912,#1913,#1914,#1915));
#426=EDGE_LOOP('',(#1916,#1917,#1918,#1919));
#427=EDGE_LOOP('',(#1920,#1921,#1922,#1923));
#428=EDGE_LOOP('',(#1924,#1925,#1926,#1927));
#429=EDGE_LOOP('',(#1928,#1929,#1930,#1931,#1932,#1933,#1934,#1935));
#430=EDGE_LOOP('',(#1936,#1937,#1938,#1939,#1940,#1941,#1942,#1943));
#431=EDGE_LOOP('',(#1944,#1945,#1946,#1947));
#432=EDGE_LOOP('',(#1948,#1949,#1950,#1951));
#433=EDGE_LOOP('',(#1952,#1953,#1954,#1955));
#434=EDGE_LOOP('',(#1956,#1957,#1958,#1959));
#435=EDGE_LOOP('',(#1960,#1961,#1962,#1963));
#436=EDGE_LOOP('',(#1964,#1965,#1966,#1967));
#437=EDGE_LOOP('',(#1968));
#438=EDGE_LOOP('',(#1969,#1970,#1971,#1972,#1973,#1974,#1975,#1976));
#439=EDGE_LOOP('',(#1977,#1978,#1979,#1980,#1981,#1982,#1983,#1984));
#440=EDGE_LOOP('',(#1985,#1986,#1987,#1988));
#441=EDGE_LOOP('',(#1989,#1990,#1991,#1992,#1993,#1994,#1995,#1996));
#442=EDGE_LOOP('',(#1997));
#443=LINE('',#3086,#628);
#444=LINE('',#3092,#629);
#445=LINE('',#3099,#630);
#446=LINE('',#3102,#631);
#447=LINE('',#3105,#632);
#448=LINE('',#3107,#633);
#449=LINE('',#3109,#634);
#450=LINE('',#3111,#635);
#451=LINE('',#3113,#636);
#452=LINE('',#3115,#637);
#453=LINE('',#3117,#638);
#454=LINE('',#3119,#639);
#455=LINE('',#3121,#640);
#456=LINE('',#3123,#641);
#457=LINE('',#3124,#642);
#458=LINE('',#3130,#643);
#459=LINE('',#3133,#644);
#460=LINE('',#3136,#645);
#461=LINE('',#3138,#646);
#462=LINE('',#3140,#647);
#463=LINE('',#3142,#648);
#464=LINE('',#3144,#649);
#465=LINE('',#3146,#650);
#466=LINE('',#3148,#651);
#467=LINE('',#3150,#652);
#468=LINE('',#3152,#653);
#469=LINE('',#3154,#654);
#470=LINE('',#3155,#655);
#471=LINE('',#3160,#656);
#472=LINE('',#3164,#657);
#473=LINE('',#3166,#658);
#474=LINE('',#3167,#659);
#475=LINE('',#3173,#660);
#476=LINE('',#3201,#661);
#477=LINE('',#3203,#662);
#478=LINE('',#3207,#663);
#479=LINE('',#3209,#664);
#480=LINE('',#3212,#665);
#481=LINE('',#3220,#666);
#482=LINE('',#3222,#667);
#483=LINE('',#3224,#668);
#484=LINE('',#3225,#669);
#485=LINE('',#3229,#670);
#486=LINE('',#3231,#671);
#487=LINE('',#3233,#672);
#488=LINE('',#3235,#673);
#489=LINE('',#3237,#674);
#490=LINE('',#3239,#675);
#491=LINE('',#3241,#676);
#492=LINE('',#3243,#677);
#493=LINE('',#3244,#678);
#494=LINE('',#3248,#679);
#495=LINE('',#3249,#680);
#496=LINE('',#3250,#681);
#497=LINE('',#3254,#682);
#498=LINE('',#3255,#683);
#499=LINE('',#3256,#684);
#500=LINE('',#3259,#685);
#501=LINE('',#3261,#686);
#502=LINE('',#3262,#687);
#503=LINE('',#3267,#688);
#504=LINE('',#3309,#689);
#505=LINE('',#3310,#690);
#506=LINE('',#3313,#691);
#507=LINE('',#3315,#692);
#508=LINE('',#3316,#693);
#509=LINE('',#3318,#694);
#510=LINE('',#3320,#695);
#511=LINE('',#3322,#696);
#512=LINE('',#3323,#697);
#513=LINE('',#3327,#698);
#514=LINE('',#3328,#699);
#515=LINE('',#3330,#700);
#516=LINE('',#3332,#701);
#517=LINE('',#3334,#702);
#518=LINE('',#3337,#703);
#519=LINE('',#3343,#704);
#520=LINE('',#3377,#705);
#521=LINE('',#3415,#706);
#522=LINE('',#3424,#707);
#523=LINE('',#3427,#708);
#524=LINE('',#3433,#709);
#525=LINE('',#3438,#710);
#526=LINE('',#3443,#711);
#527=LINE('',#3450,#712);
#528=LINE('',#3457,#713);
#529=LINE('',#3462,#714);
#530=LINE('',#3464,#715);
#531=LINE('',#3466,#716);
#532=LINE('',#3467,#717);
#533=LINE('',#3474,#718);
#534=LINE('',#3478,#719);
#535=LINE('',#3482,#720);
#536=LINE('',#3486,#721);
#537=LINE('',#3490,#722);
#538=LINE('',#3492,#723);
#539=LINE('',#3494,#724);
#540=LINE('',#3495,#725);
#541=LINE('',#3542,#726);
#542=LINE('',#3584,#727);
#543=LINE('',#3587,#728);
#544=LINE('',#3589,#729);
#545=LINE('',#3591,#730);
#546=LINE('',#3593,#731);
#547=LINE('',#3595,#732);
#548=LINE('',#3597,#733);
#549=LINE('',#3598,#734);
#550=LINE('',#3605,#735);
#551=LINE('',#3606,#736);
#552=LINE('',#3613,#737);
#553=LINE('',#3614,#738);
#554=LINE('',#3622,#739);
#555=LINE('',#3624,#740);
#556=LINE('',#3625,#741);
#557=LINE('',#3627,#742);
#558=LINE('',#3638,#743);
#559=LINE('',#3650,#744);
#560=LINE('',#3651,#745);
#561=LINE('',#3658,#746);
#562=LINE('',#3659,#747);
#563=LINE('',#3661,#748);
#564=LINE('',#3663,#749);
#565=LINE('',#3668,#750);
#566=LINE('',#3674,#751);
#567=LINE('',#3675,#752);
#568=LINE('',#3678,#753);
#569=LINE('',#3679,#754);
#570=LINE('',#3683,#755);
#571=LINE('',#3686,#756);
#572=LINE('',#3687,#757);
#573=LINE('',#3691,#758);
#574=LINE('',#3696,#759);
#575=LINE('',#3697,#760);
#576=LINE('',#3699,#761);
#577=LINE('',#3705,#762);
#578=LINE('',#3708,#763);
#579=LINE('',#3711,#764);
#580=LINE('',#3713,#765);
#581=LINE('',#3714,#766);
#582=LINE('',#3717,#767);
#583=LINE('',#3721,#768);
#584=LINE('',#3725,#769);
#585=LINE('',#3727,#770);
#586=LINE('',#3730,#771);
#587=LINE('',#3734,#772);
#588=LINE('',#3735,#773);
#589=LINE('',#3738,#774);
#590=LINE('',#3741,#775);
#591=LINE('',#3743,#776);
#592=LINE('',#3746,#777);
#593=LINE('',#3749,#778);
#594=LINE('',#3754,#779);
#595=LINE('',#3763,#780);
#596=LINE('',#3766,#781);
#597=LINE('',#3769,#782);
#598=LINE('',#3771,#783);
#599=LINE('',#3772,#784);
#600=LINE('',#3778,#785);
#601=LINE('',#3781,#786);
#602=LINE('',#3783,#787);
#603=LINE('',#3784,#788);
#604=LINE('',#3790,#789);
#605=LINE('',#3793,#790);
#606=LINE('',#3795,#791);
#607=LINE('',#3796,#792);
#608=LINE('',#3802,#793);
#609=LINE('',#3804,#794);
#610=LINE('',#3805,#795);
#611=LINE('',#3811,#796);
#612=LINE('',#3814,#797);
#613=LINE('',#3817,#798);
#614=LINE('',#3819,#799);
#615=LINE('',#3820,#800);
#616=LINE('',#3823,#801);
#617=LINE('',#3827,#802);
#618=LINE('',#3831,#803);
#619=LINE('',#3835,#804);
#620=LINE('',#3839,#805);
#621=LINE('',#3840,#806);
#622=LINE('',#3843,#807);
#623=LINE('',#3847,#808);
#624=LINE('',#3848,#809);
#625=LINE('',#3851,#810);
#626=LINE('',#3854,#811);
#627=LINE('',#3859,#812);
#628=VECTOR('',#2449,1.);
#629=VECTOR('',#2456,1.);
#630=VECTOR('',#2463,10.);
#631=VECTOR('',#2466,10.);
#632=VECTOR('',#2469,10.);
#633=VECTOR('',#2470,10.);
#634=VECTOR('',#2471,10.);
#635=VECTOR('',#2472,10.);
#636=VECTOR('',#2473,10.);
#637=VECTOR('',#2474,10.);
#638=VECTOR('',#2475,10.);
#639=VECTOR('',#2476,10.);
#640=VECTOR('',#2477,10.);
#641=VECTOR('',#2478,10.);
#642=VECTOR('',#2479,10.);
#643=VECTOR('',#2484,10.);
#644=VECTOR('',#2487,10.);
#645=VECTOR('',#2490,10.);
#646=VECTOR('',#2491,10.);
#647=VECTOR('',#2492,10.);
#648=VECTOR('',#2493,10.);
#649=VECTOR('',#2494,10.);
#650=VECTOR('',#2495,10.);
#651=VECTOR('',#2496,10.);
#652=VECTOR('',#2497,10.);
#653=VECTOR('',#2498,10.);
#654=VECTOR('',#2499,10.);
#655=VECTOR('',#2500,10.);
#656=VECTOR('',#2505,10.);
#657=VECTOR('',#2510,10.);
#658=VECTOR('',#2511,10.);
#659=VECTOR('',#2512,10.);
#660=VECTOR('',#2523,10.);
#661=VECTOR('',#2566,10.);
#662=VECTOR('',#2569,1.);
#663=VECTOR('',#2574,1.);
#664=VECTOR('',#2577,1.);
#665=VECTOR('',#2580,1.);
#666=VECTOR('',#2591,10.);
#667=VECTOR('',#2592,10.);
#668=VECTOR('',#2593,10.);
#669=VECTOR('',#2594,10.);
#670=VECTOR('',#2597,10.);
#671=VECTOR('',#2598,10.);
#672=VECTOR('',#2599,10.);
#673=VECTOR('',#2600,10.);
#674=VECTOR('',#2601,10.);
#675=VECTOR('',#2602,10.);
#676=VECTOR('',#2603,10.);
#677=VECTOR('',#2604,10.);
#678=VECTOR('',#2605,10.);
#679=VECTOR('',#2608,10.);
#680=VECTOR('',#2609,10.);
#681=VECTOR('',#2610,10.);
#682=VECTOR('',#2613,10.);
#683=VECTOR('',#2614,10.);
#684=VECTOR('',#2615,10.);
#685=VECTOR('',#2618,10.);
#686=VECTOR('',#2619,10.);
#687=VECTOR('',#2620,10.);
#688=VECTOR('',#2625,1.5);
#689=VECTOR('',#2630,10.);
#690=VECTOR('',#2631,10.);
#691=VECTOR('',#2634,10.);
#692=VECTOR('',#2635,10.);
#693=VECTOR('',#2636,10.);
#694=VECTOR('',#2637,10.);
#695=VECTOR('',#2638,10.);
#696=VECTOR('',#2639,10.);
#697=VECTOR('',#2640,10.);
#698=VECTOR('',#2647,10.);
#699=VECTOR('',#2648,10.);
#700=VECTOR('',#2651,10.);
#701=VECTOR('',#2654,10.);
#702=VECTOR('',#2657,10.);
#703=VECTOR('',#2662,10.);
#704=VECTOR('',#2669,0.750000000000002);
#705=VECTOR('',#2678,18.5061266700141);
#706=VECTOR('',#2691,17.75);
#707=VECTOR('',#2702,17.5);
#708=VECTOR('',#2707,17.);
#709=VECTOR('',#2714,18.);
#710=VECTOR('',#2721,18.25);
#711=VECTOR('',#2728,18.5161224889927);
#712=VECTOR('',#2737,1.);
#713=VECTOR('',#2746,1.5);
#714=VECTOR('',#2751,10.);
#715=VECTOR('',#2752,10.);
#716=VECTOR('',#2753,10.);
#717=VECTOR('',#2754,10.);
#718=VECTOR('',#2761,10.);
#719=VECTOR('',#2764,10.);
#720=VECTOR('',#2767,10.);
#721=VECTOR('',#2770,10.);
#722=VECTOR('',#2773,10.);
#723=VECTOR('',#2774,10.);
#724=VECTOR('',#2775,10.);
#725=VECTOR('',#2776,10.);
#726=VECTOR('',#2783,1.5);
#727=VECTOR('',#2788,10.);
#728=VECTOR('',#2791,10.);
#729=VECTOR('',#2792,10.);
#730=VECTOR('',#2793,10.);
#731=VECTOR('',#2794,10.);
#732=VECTOR('',#2795,10.);
#733=VECTOR('',#2796,10.);
#734=VECTOR('',#2797,10.);
#735=VECTOR('',#2800,10.);
#736=VECTOR('',#2801,10.);
#737=VECTOR('',#2804,10.);
#738=VECTOR('',#2805,10.);
#739=VECTOR('',#2808,10.);
#740=VECTOR('',#2809,10.);
#741=VECTOR('',#2810,10.);
#742=VECTOR('',#2813,10.);
#743=VECTOR('',#2824,20.);
#744=VECTOR('',#2843,10.);
#745=VECTOR('',#2844,10.);
#746=VECTOR('',#2851,10.);
#747=VECTOR('',#2852,10.);
#748=VECTOR('',#2855,10.);
#749=VECTOR('',#2858,10.);
#750=VECTOR('',#2865,0.999999850988389);
#751=VECTOR('',#2872,10.);
#752=VECTOR('',#2873,10.);
#753=VECTOR('',#2876,10.);
#754=VECTOR('',#2877,10.);
#755=VECTOR('',#2882,10.);
#756=VECTOR('',#2885,10.);
#757=VECTOR('',#2886,10.);
#758=VECTOR('',#2891,10.);
#759=VECTOR('',#2896,10.);
#760=VECTOR('',#2897,10.);
#761=VECTOR('',#2900,10.);
#762=VECTOR('',#2905,10.);
#763=VECTOR('',#2908,10.);
#764=VECTOR('',#2911,10.);
#765=VECTOR('',#2912,10.);
#766=VECTOR('',#2913,10.);
#767=VECTOR('',#2916,10.);
#768=VECTOR('',#2919,10.);
#769=VECTOR('',#2922,10.);
#770=VECTOR('',#2925,10.);
#771=VECTOR('',#2928,10.);
#772=VECTOR('',#2933,10.);
#773=VECTOR('',#2934,10.);
#774=VECTOR('',#2937,10.);
#775=VECTOR('',#2940,10.);
#776=VECTOR('',#2943,10.);
#777=VECTOR('',#2946,10.);
#778=VECTOR('',#2951,10.);
#779=VECTOR('',#2956,18.);
#780=VECTOR('',#2967,10.);
#781=VECTOR('',#2970,10.);
#782=VECTOR('',#2973,10.);
#783=VECTOR('',#2974,10.);
#784=VECTOR('',#2975,10.);
#785=VECTOR('',#2980,10.);
#786=VECTOR('',#2983,10.);
#787=VECTOR('',#2986,10.);
#788=VECTOR('',#2987,10.);
#789=VECTOR('',#2992,10.);
#790=VECTOR('',#2995,10.);
#791=VECTOR('',#2998,10.);
#792=VECTOR('',#2999,10.);
#793=VECTOR('',#3006,10.);
#794=VECTOR('',#3009,10.);
#795=VECTOR('',#3010,10.);
#796=VECTOR('',#3015,10.);
#797=VECTOR('',#3018,10.);
#798=VECTOR('',#3021,10.);
#799=VECTOR('',#3022,10.);
#800=VECTOR('',#3023,10.);
#801=VECTOR('',#3026,10.);
#802=VECTOR('',#3029,10.);
#803=VECTOR('',#3032,10.);
#804=VECTOR('',#3037,10.);
#805=VECTOR('',#3042,10.);
#806=VECTOR('',#3043,10.);
#807=VECTOR('',#3046,10.);
#808=VECTOR('',#3051,10.);
#809=VECTOR('',#3052,10.);
#810=VECTOR('',#3055,10.);
#811=VECTOR('',#3060,10.);
#812=VECTOR('',#3067,2.);
#813=CIRCLE('',#2217,1.);
#814=CIRCLE('',#2218,1.);
#815=CIRCLE('',#2220,1.);
#816=CIRCLE('',#2221,1.);
#817=CIRCLE('',#2223,1.);
#818=CIRCLE('',#2224,1.);
#819=CIRCLE('',#2227,1.);
#820=CIRCLE('',#2228,1.);
#821=CIRCLE('',#2231,1.);
#822=CIRCLE('',#2232,1.);
#823=CIRCLE('',#2235,1.);
#824=CIRCLE('',#2236,1.);
#825=CIRCLE('',#2238,2.5);
#826=CIRCLE('',#2239,1.);
#827=CIRCLE('',#2241,2.5);
#828=CIRCLE('',#2243,2.5);
#829=CIRCLE('',#2244,2.5);
#830=CIRCLE('',#2245,1.);
#831=CIRCLE('',#2246,1.);
#832=CIRCLE('',#2248,2.5);
#833=CIRCLE('',#2250,2.5);
#834=CIRCLE('',#2251,1.);
#835=CIRCLE('',#2252,1.);
#836=CIRCLE('',#2254,2.5);
#837=CIRCLE('',#2256,2.5);
#838=CIRCLE('',#2257,1.);
#839=CIRCLE('',#2262,1.);
#840=CIRCLE('',#2265,1.);
#841=CIRCLE('',#2275,1.5);
#842=CIRCLE('',#2277,20.);
#843=CIRCLE('',#2280,20.);
#844=CIRCLE('',#2290,1.5);
#845=CIRCLE('',#2291,69.5701380430441);
#846=CIRCLE('',#2292,18.4961308510354);
#847=CIRCLE('',#2294,18.5161224889927);
#848=CIRCLE('',#2296,20.);
#849=CIRCLE('',#2297,71.0701380430441);
#850=CIRCLE('',#2299,17.75);
#851=CIRCLE('',#2300,17.75);
#852=CIRCLE('',#2302,17.);
#853=CIRCLE('',#2304,18.);
#854=CIRCLE('',#2305,17.);
#855=CIRCLE('',#2308,18.5161224889927);
#856=CIRCLE('',#2310,18.);
#857=CIRCLE('',#2312,18.5);
#858=CIRCLE('',#2314,18.5161224889927);
#859=CIRCLE('',#2318,1.);
#860=CIRCLE('',#2320,1.);
#861=CIRCLE('',#2323,1.5);
#862=CIRCLE('',#2324,1.5);
#863=CIRCLE('',#2327,18.);
#864=CIRCLE('',#2328,2.);
#865=CIRCLE('',#2329,0.5);
#866=CIRCLE('',#2330,0.5);
#867=CIRCLE('',#2331,0.5);
#868=CIRCLE('',#2332,0.5);
#869=CIRCLE('',#2334,18.);
#870=CIRCLE('',#2337,20.);
#871=CIRCLE('',#2344,18.5);
#872=CIRCLE('',#2345,20.0000002980232);
#873=CIRCLE('',#2347,20.);
#874=CIRCLE('',#2348,20.);
#875=CIRCLE('',#2349,20.);
#876=CIRCLE('',#2351,18.5);
#877=CIRCLE('',#2354,20.0000002980232);
#878=CIRCLE('',#2356,2.5);
#879=CIRCLE('',#2357,0.999999850988389);
#880=CIRCLE('',#2359,2.5);
#881=CIRCLE('',#2362,0.999999850988389);
#882=CIRCLE('',#2367,0.5);
#883=CIRCLE('',#2370,0.5);
#884=CIRCLE('',#2373,0.5);
#885=CIRCLE('',#2375,0.5);
#886=CIRCLE('',#2378,1.);
#887=CIRCLE('',#2379,1.);
#888=CIRCLE('',#2382,1.);
#889=CIRCLE('',#2383,1.);
#890=CIRCLE('',#2384,1.);
#891=CIRCLE('',#2386,1.);
#892=CIRCLE('',#2389,1.);
#893=CIRCLE('',#2392,1.);
#894=CIRCLE('',#2395,18.);
#895=CIRCLE('',#2396,18.);
#896=CIRCLE('',#2400,0.2);
#897=CIRCLE('',#2401,0.2);
#898=CIRCLE('',#2404,0.2);
#899=CIRCLE('',#2405,0.2);
#900=CIRCLE('',#2408,0.2);
#901=CIRCLE('',#2409,0.2);
#902=CIRCLE('',#2412,0.2);
#903=CIRCLE('',#2413,0.2);
#904=CIRCLE('',#2416,1.);
#905=CIRCLE('',#2417,1.);
#906=CIRCLE('',#2420,1.);
#907=CIRCLE('',#2421,1.);
#908=CIRCLE('',#2422,1.);
#909=CIRCLE('',#2424,1.);
#910=CIRCLE('',#2427,1.);
#911=CIRCLE('',#2430,1.);
#912=CIRCLE('',#2434,2.);
#913=VERTEX_POINT('',#3083);
#914=VERTEX_POINT('',#3085);
#915=VERTEX_POINT('',#3089);
#916=VERTEX_POINT('',#3091);
#917=VERTEX_POINT('',#3095);
#918=VERTEX_POINT('',#3096);
#919=VERTEX_POINT('',#3098);
#920=VERTEX_POINT('',#3100);
#921=VERTEX_POINT('',#3104);
#922=VERTEX_POINT('',#3106);
#923=VERTEX_POINT('',#3108);
#924=VERTEX_POINT('',#3110);
#925=VERTEX_POINT('',#3112);
#926=VERTEX_POINT('',#3114);
#927=VERTEX_POINT('',#3116);
#928=VERTEX_POINT('',#3118);
#929=VERTEX_POINT('',#3120);
#930=VERTEX_POINT('',#3122);
#931=VERTEX_POINT('',#3126);
#932=VERTEX_POINT('',#3127);
#933=VERTEX_POINT('',#3129);
#934=VERTEX_POINT('',#3131);
#935=VERTEX_POINT('',#3135);
#936=VERTEX_POINT('',#3137);
#937=VERTEX_POINT('',#3139);
#938=VERTEX_POINT('',#3141);
#939=VERTEX_POINT('',#3143);
#940=VERTEX_POINT('',#3145);
#941=VERTEX_POINT('',#3147);
#942=VERTEX_POINT('',#3149);
#943=VERTEX_POINT('',#3151);
#944=VERTEX_POINT('',#3153);
#945=VERTEX_POINT('',#3157);
#946=VERTEX_POINT('',#3159);
#947=VERTEX_POINT('',#3163);
#948=VERTEX_POINT('',#3165);
#949=VERTEX_POINT('',#3174);
#950=VERTEX_POINT('',#3181);
#951=VERTEX_POINT('',#3183);
#952=VERTEX_POINT('',#3189);
#953=VERTEX_POINT('',#3191);
#954=VERTEX_POINT('',#3197);
#955=VERTEX_POINT('',#3205);
#956=VERTEX_POINT('',#3211);
#957=VERTEX_POINT('',#3218);
#958=VERTEX_POINT('',#3219);
#959=VERTEX_POINT('',#3221);
#960=VERTEX_POINT('',#3223);
#961=VERTEX_POINT('',#3227);
#962=VERTEX_POINT('',#3228);
#963=VERTEX_POINT('',#3230);
#964=VERTEX_POINT('',#3232);
#965=VERTEX_POINT('',#3234);
#966=VERTEX_POINT('',#3236);
#967=VERTEX_POINT('',#3238);
#968=VERTEX_POINT('',#3240);
#969=VERTEX_POINT('',#3242);
#970=VERTEX_POINT('',#3246);
#971=VERTEX_POINT('',#3247);
#972=VERTEX_POINT('',#3252);
#973=VERTEX_POINT('',#3253);
#974=VERTEX_POINT('',#3258);
#975=VERTEX_POINT('',#3260);
#976=VERTEX_POINT('',#3264);
#977=VERTEX_POINT('',#3266);
#978=VERTEX_POINT('',#3268);
#979=VERTEX_POINT('',#3306);
#980=VERTEX_POINT('',#3308);
#981=VERTEX_POINT('',#3312);
#982=VERTEX_POINT('',#3314);
#983=VERTEX_POINT('',#3317);
#984=VERTEX_POINT('',#3319);
#985=VERTEX_POINT('',#3321);
#986=VERTEX_POINT('',#3341);
#987=VERTEX_POINT('',#3342);
#988=VERTEX_POINT('',#3372);
#989=VERTEX_POINT('',#3376);
#990=VERTEX_POINT('',#3380);
#991=VERTEX_POINT('',#3409);
#992=VERTEX_POINT('',#3412);
#993=VERTEX_POINT('',#3414);
#994=VERTEX_POINT('',#3418);
#995=VERTEX_POINT('',#3421);
#996=VERTEX_POINT('',#3423);
#997=VERTEX_POINT('',#3429);
#998=VERTEX_POINT('',#3432);
#999=VERTEX_POINT('',#3436);
#1000=VERTEX_POINT('',#3440);
#1001=VERTEX_POINT('',#3446);
#1002=VERTEX_POINT('',#3449);
#1003=VERTEX_POINT('',#3454);
#1004=VERTEX_POINT('',#3456);
#1005=VERTEX_POINT('',#3460);
#1006=VERTEX_POINT('',#3461);
#1007=VERTEX_POINT('',#3463);
#1008=VERTEX_POINT('',#3465);
#1009=VERTEX_POINT('',#3470);
#1010=VERTEX_POINT('',#3472);
#1011=VERTEX_POINT('',#3473);
#1012=VERTEX_POINT('',#3475);
#1013=VERTEX_POINT('',#3477);
#1014=VERTEX_POINT('',#3479);
#1015=VERTEX_POINT('',#3481);
#1016=VERTEX_POINT('',#3483);
#1017=VERTEX_POINT('',#3485);
#1018=VERTEX_POINT('',#3488);
#1019=VERTEX_POINT('',#3489);
#1020=VERTEX_POINT('',#3491);
#1021=VERTEX_POINT('',#3493);
#1022=VERTEX_POINT('',#3499);
#1023=VERTEX_POINT('',#3500);
#1024=VERTEX_POINT('',#3511);
#1025=VERTEX_POINT('',#3541);
#1026=VERTEX_POINT('',#3543);
#1027=VERTEX_POINT('',#3581);
#1028=VERTEX_POINT('',#3582);
#1029=VERTEX_POINT('',#3586);
#1030=VERTEX_POINT('',#3588);
#1031=VERTEX_POINT('',#3590);
#1032=VERTEX_POINT('',#3592);
#1033=VERTEX_POINT('',#3594);
#1034=VERTEX_POINT('',#3596);
#1035=VERTEX_POINT('',#3600);
#1036=VERTEX_POINT('',#3604);
#1037=VERTEX_POINT('',#3608);
#1038=VERTEX_POINT('',#3612);
#1039=VERTEX_POINT('',#3616);
#1040=VERTEX_POINT('',#3617);
#1041=VERTEX_POINT('',#3621);
#1042=VERTEX_POINT('',#3623);
#1043=VERTEX_POINT('',#3635);
#1044=VERTEX_POINT('',#3637);
#1045=VERTEX_POINT('',#3647);
#1046=VERTEX_POINT('',#3648);
#1047=VERTEX_POINT('',#3652);
#1048=VERTEX_POINT('',#3655);
#1049=VERTEX_POINT('',#3656);
#1050=VERTEX_POINT('',#3664);
#1051=VERTEX_POINT('',#3671);
#1052=VERTEX_POINT('',#3672);
#1053=VERTEX_POINT('',#3677);
#1054=VERTEX_POINT('',#3681);
#1055=VERTEX_POINT('',#3685);
#1056=VERTEX_POINT('',#3689);
#1057=VERTEX_POINT('',#3693);
#1058=VERTEX_POINT('',#3694);
#1059=VERTEX_POINT('',#3701);
#1060=VERTEX_POINT('',#3702);
#1061=VERTEX_POINT('',#3704);
#1062=VERTEX_POINT('',#3706);
#1063=VERTEX_POINT('',#3710);
#1064=VERTEX_POINT('',#3712);
#1065=VERTEX_POINT('',#3716);
#1066=VERTEX_POINT('',#3718);
#1067=VERTEX_POINT('',#3720);
#1068=VERTEX_POINT('',#3722);
#1069=VERTEX_POINT('',#3724);
#1070=VERTEX_POINT('',#3729);
#1071=VERTEX_POINT('',#3733);
#1072=VERTEX_POINT('',#3737);
#1073=VERTEX_POINT('',#3739);
#1074=VERTEX_POINT('',#3745);
#1075=VERTEX_POINT('',#3751);
#1076=VERTEX_POINT('',#3753);
#1077=VERTEX_POINT('',#3759);
#1078=VERTEX_POINT('',#3760);
#1079=VERTEX_POINT('',#3762);
#1080=VERTEX_POINT('',#3764);
#1081=VERTEX_POINT('',#3768);
#1082=VERTEX_POINT('',#3770);
#1083=VERTEX_POINT('',#3774);
#1084=VERTEX_POINT('',#3775);
#1085=VERTEX_POINT('',#3777);
#1086=VERTEX_POINT('',#3779);
#1087=VERTEX_POINT('',#3786);
#1088=VERTEX_POINT('',#3787);
#1089=VERTEX_POINT('',#3789);
#1090=VERTEX_POINT('',#3791);
#1091=VERTEX_POINT('',#3798);
#1092=VERTEX_POINT('',#3800);
#1093=VERTEX_POINT('',#3807);
#1094=VERTEX_POINT('',#3808);
#1095=VERTEX_POINT('',#3810);
#1096=VERTEX_POINT('',#3812);
#1097=VERTEX_POINT('',#3816);
#1098=VERTEX_POINT('',#3818);
#1099=VERTEX_POINT('',#3822);
#1100=VERTEX_POINT('',#3824);
#1101=VERTEX_POINT('',#3826);
#1102=VERTEX_POINT('',#3828);
#1103=VERTEX_POINT('',#3830);
#1104=VERTEX_POINT('',#3834);
#1105=VERTEX_POINT('',#3838);
#1106=VERTEX_POINT('',#3842);
#1107=VERTEX_POINT('',#3846);
#1108=VERTEX_POINT('',#3850);
#1109=VERTEX_POINT('',#3857);
#1110=EDGE_CURVE('',#913,#913,#813,.T.);
#1111=EDGE_CURVE('',#913,#914,#443,.T.);
#1112=EDGE_CURVE('',#914,#914,#814,.T.);
#1113=EDGE_CURVE('',#915,#915,#815,.T.);
#1114=EDGE_CURVE('',#915,#916,#444,.T.);
#1115=EDGE_CURVE('',#916,#916,#816,.T.);
#1116=EDGE_CURVE('',#917,#918,#817,.F.);
#1117=EDGE_CURVE('',#918,#919,#445,.T.);
#1118=EDGE_CURVE('',#919,#920,#818,.F.);
#1119=EDGE_CURVE('',#920,#917,#446,.T.);
#1120=EDGE_CURVE('',#921,#919,#447,.T.);
#1121=EDGE_CURVE('',#918,#922,#448,.T.);
#1122=EDGE_CURVE('',#923,#922,#449,.T.);
#1123=EDGE_CURVE('',#923,#924,#450,.T.);
#1124=EDGE_CURVE('',#925,#924,#451,.T.);
#1125=EDGE_CURVE('',#925,#926,#452,.T.);
#1126=EDGE_CURVE('',#927,#926,#453,.T.);
#1127=EDGE_CURVE('',#927,#928,#454,.T.);
#1128=EDGE_CURVE('',#929,#928,#455,.T.);
#1129=EDGE_CURVE('',#929,#930,#456,.T.);
#1130=EDGE_CURVE('',#921,#930,#457,.T.);
#1131=EDGE_CURVE('',#931,#932,#819,.F.);
#1132=EDGE_CURVE('',#932,#933,#458,.T.);
#1133=EDGE_CURVE('',#933,#934,#820,.F.);
#1134=EDGE_CURVE('',#934,#931,#459,.T.);
#1135=EDGE_CURVE('',#935,#933,#460,.T.);
#1136=EDGE_CURVE('',#936,#932,#461,.T.);
#1137=EDGE_CURVE('',#937,#936,#462,.T.);
#1138=EDGE_CURVE('',#938,#937,#463,.T.);
#1139=EDGE_CURVE('',#939,#938,#464,.T.);
#1140=EDGE_CURVE('',#939,#940,#465,.T.);
#1141=EDGE_CURVE('',#941,#940,#466,.T.);
#1142=EDGE_CURVE('',#941,#942,#467,.T.);
#1143=EDGE_CURVE('',#943,#942,#468,.T.);
#1144=EDGE_CURVE('',#943,#944,#469,.T.);
#1145=EDGE_CURVE('',#935,#944,#470,.T.);
#1146=EDGE_CURVE('',#926,#945,#821,.F.);
#1147=EDGE_CURVE('',#945,#946,#471,.T.);
#1148=EDGE_CURVE('',#946,#927,#822,.F.);
#1149=EDGE_CURVE('',#947,#945,#472,.T.);
#1150=EDGE_CURVE('',#948,#947,#473,.T.);
#1151=EDGE_CURVE('',#946,#948,#474,.T.);
#1152=EDGE_CURVE('',#940,#948,#823,.F.);
#1153=EDGE_CURVE('',#947,#941,#824,.F.);
#1154=EDGE_CURVE('',#936,#921,#825,.T.);
#1155=EDGE_CURVE('',#931,#920,#475,.T.);
#1156=EDGE_CURVE('',#949,#949,#826,.T.);
#1157=EDGE_CURVE('',#930,#937,#827,.T.);
#1158=EDGE_CURVE('',#944,#923,#828,.T.);
#1159=EDGE_CURVE('',#924,#943,#829,.T.);
#1160=EDGE_CURVE('',#950,#950,#830,.T.);
#1161=EDGE_CURVE('',#951,#951,#831,.T.);
#1162=EDGE_CURVE('',#922,#935,#832,.T.);
#1163=EDGE_CURVE('',#938,#929,#833,.T.);
#1164=EDGE_CURVE('',#952,#952,#834,.T.);
#1165=EDGE_CURVE('',#953,#953,#835,.T.);
#1166=EDGE_CURVE('',#928,#939,#836,.T.);
#1167=EDGE_CURVE('',#942,#925,#837,.T.);
#1168=EDGE_CURVE('',#954,#954,#838,.T.);
#1169=EDGE_CURVE('',#917,#934,#476,.T.);
#1170=EDGE_CURVE('',#951,#954,#477,.T.);
#1171=EDGE_CURVE('',#955,#955,#839,.T.);
#1172=EDGE_CURVE('',#955,#952,#478,.T.);
#1173=EDGE_CURVE('',#949,#953,#479,.T.);
#1174=EDGE_CURVE('',#950,#956,#480,.T.);
#1175=EDGE_CURVE('',#956,#956,#840,.T.);
#1176=EDGE_CURVE('',#957,#958,#481,.T.);
#1177=EDGE_CURVE('',#959,#958,#482,.T.);
#1178=EDGE_CURVE('',#959,#960,#483,.T.);
#1179=EDGE_CURVE('',#957,#960,#484,.T.);
#1180=EDGE_CURVE('',#961,#962,#485,.T.);
#1181=EDGE_CURVE('',#963,#962,#486,.T.);
#1182=EDGE_CURVE('',#963,#964,#487,.T.);
#1183=EDGE_CURVE('',#964,#965,#488,.T.);
#1184=EDGE_CURVE('',#966,#965,#489,.T.);
#1185=EDGE_CURVE('',#966,#967,#490,.T.);
#1186=EDGE_CURVE('',#968,#967,#491,.T.);
#1187=EDGE_CURVE('',#968,#969,#492,.T.);
#1188=EDGE_CURVE('',#961,#969,#493,.T.);
#1189=EDGE_CURVE('',#970,#971,#494,.T.);
#1190=EDGE_CURVE('',#958,#970,#495,.T.);
#1191=EDGE_CURVE('',#971,#957,#496,.T.);
#1192=EDGE_CURVE('',#972,#973,#497,.T.);
#1193=EDGE_CURVE('',#962,#972,#498,.T.);
#1194=EDGE_CURVE('',#973,#961,#499,.T.);
#1195=EDGE_CURVE('',#974,#973,#500,.T.);
#1196=EDGE_CURVE('',#974,#975,#501,.T.);
#1197=EDGE_CURVE('',#972,#975,#502,.T.);
#1198=EDGE_CURVE('',#976,#976,#841,.T.);
#1199=EDGE_CURVE('',#976,#977,#503,.T.);
#1200=EDGE_CURVE('',#978,#977,#44,.T.);
#1201=EDGE_CURVE('',#977,#978,#45,.T.);
#1202=EDGE_CURVE('',#979,#966,#842,.T.);
#1203=EDGE_CURVE('',#980,#979,#504,.T.);
#1204=EDGE_CURVE('',#967,#980,#505,.T.);
#1205=EDGE_CURVE('',#981,#971,#506,.T.);
#1206=EDGE_CURVE('',#981,#982,#507,.T.);
#1207=EDGE_CURVE('',#980,#982,#508,.T.);
#1208=EDGE_CURVE('',#983,#979,#509,.T.);
#1209=EDGE_CURVE('',#983,#984,#510,.T.);
#1210=EDGE_CURVE('',#984,#985,#511,.T.);
#1211=EDGE_CURVE('',#970,#985,#512,.T.);
#1212=EDGE_CURVE('',#983,#965,#843,.T.);
#1213=EDGE_CURVE('',#960,#974,#513,.T.);
#1214=EDGE_CURVE('',#969,#981,#514,.T.);
#1215=EDGE_CURVE('',#982,#968,#515,.T.);
#1216=EDGE_CURVE('',#975,#959,#516,.T.);
#1217=EDGE_CURVE('',#963,#985,#517,.T.);
#1218=EDGE_CURVE('',#964,#984,#518,.T.);
#1219=EDGE_CURVE('',#986,#987,#519,.T.);
#1220=EDGE_CURVE('',#987,#987,#844,.T.);
#1221=EDGE_CURVE('',#987,#988,#845,.T.);
#1222=EDGE_CURVE('',#988,#988,#846,.T.);
#1223=EDGE_CURVE('',#988,#989,#520,.T.);
#1224=EDGE_CURVE('',#989,#989,#847,.T.);
#1225=EDGE_CURVE('',#990,#990,#848,.T.);
#1226=EDGE_CURVE('',#991,#990,#849,.T.);
#1227=EDGE_CURVE('',#992,#992,#850,.T.);
#1228=EDGE_CURVE('',#992,#993,#521,.T.);
#1229=EDGE_CURVE('',#993,#993,#851,.T.);
#1230=EDGE_CURVE('',#994,#994,#852,.T.);
#1231=EDGE_CURVE('',#995,#995,#853,.T.);
#1232=EDGE_CURVE('',#995,#996,#522,.T.);
#1233=EDGE_CURVE('',#996,#996,#854,.T.);
#1234=EDGE_CURVE('',#996,#994,#523,.T.);
#1235=EDGE_CURVE('',#997,#997,#855,.T.);
#1236=EDGE_CURVE('',#995,#998,#524,.T.);
#1237=EDGE_CURVE('',#998,#998,#856,.T.);
#1238=EDGE_CURVE('',#999,#999,#857,.T.);
#1239=EDGE_CURVE('',#999,#998,#525,.T.);
#1240=EDGE_CURVE('',#1000,#1000,#858,.T.);
#1241=EDGE_CURVE('',#1000,#997,#526,.T.);
#1242=EDGE_CURVE('',#1001,#1001,#859,.T.);
#1243=EDGE_CURVE('',#1001,#1002,#527,.T.);
#1244=EDGE_CURVE('',#1002,#1002,#860,.T.);
#1245=EDGE_CURVE('',#1003,#1003,#861,.T.);
#1246=EDGE_CURVE('',#1003,#1004,#528,.T.);
#1247=EDGE_CURVE('',#1004,#1004,#862,.T.);
#1248=EDGE_CURVE('',#1005,#1006,#529,.T.);
#1249=EDGE_CURVE('',#1007,#1005,#530,.T.);
#1250=EDGE_CURVE('',#1008,#1007,#531,.T.);
#1251=EDGE_CURVE('',#1006,#1008,#532,.T.);
#1252=EDGE_CURVE('',#1008,#1007,#863,.T.);
#1253=EDGE_CURVE('',#1009,#1009,#864,.T.);
#1254=EDGE_CURVE('',#1010,#1011,#533,.T.);
#1255=EDGE_CURVE('',#1012,#1011,#865,.T.);
#1256=EDGE_CURVE('',#1012,#1013,#534,.T.);
#1257=EDGE_CURVE('',#1014,#1013,#866,.T.);
#1258=EDGE_CURVE('',#1014,#1015,#535,.T.);
#1259=EDGE_CURVE('',#1016,#1015,#867,.T.);
#1260=EDGE_CURVE('',#1016,#1017,#536,.T.);
#1261=EDGE_CURVE('',#1010,#1017,#868,.T.);
#1262=EDGE_CURVE('',#1018,#1019,#537,.T.);
#1263=EDGE_CURVE('',#1019,#1020,#538,.T.);
#1264=EDGE_CURVE('',#1020,#1021,#539,.T.);
#1265=EDGE_CURVE('',#1021,#1018,#540,.T.);
#1266=EDGE_CURVE('',#1005,#1006,#869,.T.);
#1267=EDGE_CURVE('',#1022,#1023,#46,.T.);
#1268=EDGE_CURVE('',#1024,#1022,#47,.T.);
#1269=EDGE_CURVE('',#1023,#1024,#48,.T.);
#1270=EDGE_CURVE('',#1023,#1025,#541,.T.);
#1271=EDGE_CURVE('',#1026,#1025,#49,.T.);
#1272=EDGE_CURVE('',#1025,#1026,#50,.T.);
#1273=EDGE_CURVE('',#1027,#1028,#870,.T.);
#1274=EDGE_CURVE('',#1027,#1028,#542,.T.);
#1275=EDGE_CURVE('',#1029,#1028,#543,.T.);
#1276=EDGE_CURVE('',#1030,#1029,#544,.T.);
#1277=EDGE_CURVE('',#1031,#1030,#545,.T.);
#1278=EDGE_CURVE('',#1032,#1031,#546,.T.);
#1279=EDGE_CURVE('',#1033,#1032,#547,.T.);
#1280=EDGE_CURVE('',#1034,#1033,#548,.T.);
#1281=EDGE_CURVE('',#1027,#1034,#549,.T.);
#1282=EDGE_CURVE('',#1035,#1033,#31,.T.);
#1283=EDGE_CURVE('',#1036,#1035,#550,.T.);
#1284=EDGE_CURVE('',#1034,#1036,#551,.T.);
#1285=EDGE_CURVE('',#1037,#1035,#32,.T.);
#1286=EDGE_CURVE('',#1038,#1037,#552,.T.);
#1287=EDGE_CURVE('',#1036,#1038,#553,.T.);
#1288=EDGE_CURVE('',#1039,#1040,#33,.T.);
#1289=EDGE_CURVE('',#1039,#1041,#554,.T.);
#1290=EDGE_CURVE('',#1042,#1041,#555,.T.);
#1291=EDGE_CURVE('',#1040,#1042,#556,.T.);
#1292=EDGE_CURVE('',#1041,#1029,#557,.T.);
#1293=EDGE_CURVE('',#1030,#1039,#34,.T.);
#1294=EDGE_CURVE('',#1040,#1037,#871,.T.);
#1295=EDGE_CURVE('',#1030,#1033,#872,.T.);
#1296=EDGE_CURVE('',#1043,#1043,#873,.T.);
#1297=EDGE_CURVE('',#1043,#1044,#558,.T.);
#1298=EDGE_CURVE('',#1029,#1044,#874,.T.);
#1299=EDGE_CURVE('',#1044,#1034,#875,.T.);
#1300=EDGE_CURVE('',#1038,#1042,#876,.T.);
#1301=EDGE_CURVE('',#1032,#1031,#877,.T.);
#1302=EDGE_CURVE('',#1045,#1046,#878,.T.);
#1303=EDGE_CURVE('',#1018,#1045,#559,.T.);
#1304=EDGE_CURVE('',#1021,#1046,#560,.T.);
#1305=EDGE_CURVE('',#1047,#1047,#879,.T.);
#1306=EDGE_CURVE('',#1048,#1049,#880,.T.);
#1307=EDGE_CURVE('',#1049,#1045,#561,.T.);
#1308=EDGE_CURVE('',#1046,#1048,#562,.T.);
#1309=EDGE_CURVE('',#1019,#1049,#563,.T.);
#1310=EDGE_CURVE('',#1020,#1048,#564,.T.);
#1311=EDGE_CURVE('',#1050,#1050,#881,.T.);
#1312=EDGE_CURVE('',#1047,#1050,#565,.T.);
#1313=EDGE_CURVE('',#1051,#1052,#882,.T.);
#1314=EDGE_CURVE('',#1052,#1014,#566,.T.);
#1315=EDGE_CURVE('',#1013,#1051,#567,.T.);
#1316=EDGE_CURVE('',#1053,#1052,#568,.T.);
#1317=EDGE_CURVE('',#1015,#1053,#569,.T.);
#1318=EDGE_CURVE('',#1053,#1054,#883,.T.);
#1319=EDGE_CURVE('',#1054,#1016,#570,.T.);
#1320=EDGE_CURVE('',#1055,#1054,#571,.T.);
#1321=EDGE_CURVE('',#1017,#1055,#572,.T.);
#1322=EDGE_CURVE('',#1055,#1056,#884,.T.);
#1323=EDGE_CURVE('',#1056,#1010,#573,.T.);
#1324=EDGE_CURVE('',#1057,#1058,#885,.T.);
#1325=EDGE_CURVE('',#1058,#1012,#574,.T.);
#1326=EDGE_CURVE('',#1011,#1057,#575,.T.);
#1327=EDGE_CURVE('',#1051,#1058,#576,.T.);
#1328=EDGE_CURVE('',#1059,#1060,#886,.T.);
#1329=EDGE_CURVE('',#1060,#1061,#577,.T.);
#1330=EDGE_CURVE('',#1061,#1062,#887,.F.);
#1331=EDGE_CURVE('',#1062,#1059,#578,.T.);
#1332=EDGE_CURVE('',#1063,#1060,#579,.T.);
#1333=EDGE_CURVE('',#1064,#1063,#580,.T.);
#1334=EDGE_CURVE('',#1061,#1064,#581,.T.);
#1335=EDGE_CURVE('',#1059,#1065,#582,.T.);
#1336=EDGE_CURVE('',#1066,#1065,#888,.T.);
#1337=EDGE_CURVE('',#1066,#1067,#583,.T.);
#1338=EDGE_CURVE('',#1068,#1067,#889,.T.);
#1339=EDGE_CURVE('',#1068,#1069,#584,.T.);
#1340=EDGE_CURVE('',#1063,#1069,#890,.T.);
#1341=EDGE_CURVE('',#1057,#1056,#585,.T.);
#1342=EDGE_CURVE('',#1069,#1070,#586,.T.);
#1343=EDGE_CURVE('',#1070,#1064,#891,.F.);
#1344=EDGE_CURVE('',#1071,#1068,#587,.T.);
#1345=EDGE_CURVE('',#1070,#1071,#588,.T.);
#1346=EDGE_CURVE('',#1065,#1072,#589,.T.);
#1347=EDGE_CURVE('',#1072,#1073,#892,.F.);
#1348=EDGE_CURVE('',#1073,#1066,#590,.T.);
#1349=EDGE_CURVE('',#1072,#1062,#591,.T.);
#1350=EDGE_CURVE('',#1067,#1074,#592,.T.);
#1351=EDGE_CURVE('',#1074,#1071,#893,.F.);
#1352=EDGE_CURVE('',#1074,#1073,#593,.T.);
#1353=EDGE_CURVE('',#1075,#1075,#894,.T.);
#1354=EDGE_CURVE('',#1075,#1076,#594,.T.);
#1355=EDGE_CURVE('',#1076,#1076,#895,.T.);
#1356=EDGE_CURVE('',#1077,#1078,#896,.T.);
#1357=EDGE_CURVE('',#1077,#1079,#595,.T.);
#1358=EDGE_CURVE('',#1079,#1080,#897,.T.);
#1359=EDGE_CURVE('',#1080,#1078,#596,.T.);
#1360=EDGE_CURVE('',#1081,#1080,#597,.T.);
#1361=EDGE_CURVE('',#1082,#1081,#598,.T.);
#1362=EDGE_CURVE('',#1078,#1082,#599,.T.);
#1363=EDGE_CURVE('',#1083,#1084,#898,.T.);
#1364=EDGE_CURVE('',#1083,#1085,#600,.T.);
#1365=EDGE_CURVE('',#1085,#1086,#899,.T.);
#1366=EDGE_CURVE('',#1086,#1084,#601,.T.);
#1367=EDGE_CURVE('',#1084,#1077,#602,.T.);
#1368=EDGE_CURVE('',#1079,#1086,#603,.T.);
#1369=EDGE_CURVE('',#1087,#1088,#900,.T.);
#1370=EDGE_CURVE('',#1087,#1089,#604,.T.);
#1371=EDGE_CURVE('',#1089,#1090,#901,.T.);
#1372=EDGE_CURVE('',#1090,#1088,#605,.T.);
#1373=EDGE_CURVE('',#1088,#1083,#606,.T.);
#1374=EDGE_CURVE('',#1085,#1090,#607,.T.);
#1375=EDGE_CURVE('',#1082,#1091,#902,.T.);
#1376=EDGE_CURVE('',#1081,#1092,#903,.T.);
#1377=EDGE_CURVE('',#1092,#1091,#608,.T.);
#1378=EDGE_CURVE('',#1091,#1087,#609,.T.);
#1379=EDGE_CURVE('',#1089,#1092,#610,.T.);
#1380=EDGE_CURVE('',#1093,#1094,#904,.T.);
#1381=EDGE_CURVE('',#1094,#1095,#611,.T.);
#1382=EDGE_CURVE('',#1095,#1096,#905,.F.);
#1383=EDGE_CURVE('',#1096,#1093,#612,.T.);
#1384=EDGE_CURVE('',#1097,#1094,#613,.T.);
#1385=EDGE_CURVE('',#1098,#1097,#614,.T.);
#1386=EDGE_CURVE('',#1095,#1098,#615,.T.);
#1387=EDGE_CURVE('',#1093,#1099,#616,.T.);
#1388=EDGE_CURVE('',#1100,#1099,#906,.T.);
#1389=EDGE_CURVE('',#1100,#1101,#617,.T.);
#1390=EDGE_CURVE('',#1102,#1101,#907,.T.);
#1391=EDGE_CURVE('',#1102,#1103,#618,.T.);
#1392=EDGE_CURVE('',#1097,#1103,#908,.T.);
#1393=EDGE_CURVE('',#1103,#1104,#619,.T.);
#1394=EDGE_CURVE('',#1104,#1098,#909,.F.);
#1395=EDGE_CURVE('',#1105,#1102,#620,.T.);
#1396=EDGE_CURVE('',#1104,#1105,#621,.T.);
#1397=EDGE_CURVE('',#1101,#1106,#622,.T.);
#1398=EDGE_CURVE('',#1106,#1105,#910,.F.);
#1399=EDGE_CURVE('',#1107,#1100,#623,.T.);
#1400=EDGE_CURVE('',#1106,#1107,#624,.T.);
#1401=EDGE_CURVE('',#1099,#1108,#625,.T.);
#1402=EDGE_CURVE('',#1108,#1107,#911,.F.);
#1403=EDGE_CURVE('',#1108,#1096,#626,.T.);
#1404=EDGE_CURVE('',#1109,#1109,#912,.T.);
#1405=EDGE_CURVE('',#1109,#1009,#627,.T.);
#1406=ORIENTED_EDGE('',*,*,#1110,.F.);
#1407=ORIENTED_EDGE('',*,*,#1111,.T.);
#1408=ORIENTED_EDGE('',*,*,#1112,.F.);
#1409=ORIENTED_EDGE('',*,*,#1111,.F.);
#1410=ORIENTED_EDGE('',*,*,#1113,.F.);
#1411=ORIENTED_EDGE('',*,*,#1114,.T.);
#1412=ORIENTED_EDGE('',*,*,#1115,.F.);
#1413=ORIENTED_EDGE('',*,*,#1114,.F.);
#1414=ORIENTED_EDGE('',*,*,#1116,.T.);
#1415=ORIENTED_EDGE('',*,*,#1117,.T.);
#1416=ORIENTED_EDGE('',*,*,#1118,.T.);
#1417=ORIENTED_EDGE('',*,*,#1119,.T.);
#1418=ORIENTED_EDGE('',*,*,#1120,.T.);
#1419=ORIENTED_EDGE('',*,*,#1117,.F.);
#1420=ORIENTED_EDGE('',*,*,#1121,.T.);
#1421=ORIENTED_EDGE('',*,*,#1122,.F.);
#1422=ORIENTED_EDGE('',*,*,#1123,.T.);
#1423=ORIENTED_EDGE('',*,*,#1124,.F.);
#1424=ORIENTED_EDGE('',*,*,#1125,.T.);
#1425=ORIENTED_EDGE('',*,*,#1126,.F.);
#1426=ORIENTED_EDGE('',*,*,#1127,.T.);
#1427=ORIENTED_EDGE('',*,*,#1128,.F.);
#1428=ORIENTED_EDGE('',*,*,#1129,.T.);
#1429=ORIENTED_EDGE('',*,*,#1130,.F.);
#1430=ORIENTED_EDGE('',*,*,#1131,.T.);
#1431=ORIENTED_EDGE('',*,*,#1132,.T.);
#1432=ORIENTED_EDGE('',*,*,#1133,.T.);
#1433=ORIENTED_EDGE('',*,*,#1134,.T.);
#1434=ORIENTED_EDGE('',*,*,#1135,.T.);
#1435=ORIENTED_EDGE('',*,*,#1132,.F.);
#1436=ORIENTED_EDGE('',*,*,#1136,.F.);
#1437=ORIENTED_EDGE('',*,*,#1137,.F.);
#1438=ORIENTED_EDGE('',*,*,#1138,.F.);
#1439=ORIENTED_EDGE('',*,*,#1139,.F.);
#1440=ORIENTED_EDGE('',*,*,#1140,.T.);
#1441=ORIENTED_EDGE('',*,*,#1141,.F.);
#1442=ORIENTED_EDGE('',*,*,#1142,.T.);
#1443=ORIENTED_EDGE('',*,*,#1143,.F.);
#1444=ORIENTED_EDGE('',*,*,#1144,.T.);
#1445=ORIENTED_EDGE('',*,*,#1145,.F.);
#1446=ORIENTED_EDGE('',*,*,#1146,.T.);
#1447=ORIENTED_EDGE('',*,*,#1147,.T.);
#1448=ORIENTED_EDGE('',*,*,#1148,.T.);
#1449=ORIENTED_EDGE('',*,*,#1126,.T.);
#1450=ORIENTED_EDGE('',*,*,#1147,.F.);
#1451=ORIENTED_EDGE('',*,*,#1149,.F.);
#1452=ORIENTED_EDGE('',*,*,#1150,.F.);
#1453=ORIENTED_EDGE('',*,*,#1151,.F.);
#1454=ORIENTED_EDGE('',*,*,#1152,.T.);
#1455=ORIENTED_EDGE('',*,*,#1150,.T.);
#1456=ORIENTED_EDGE('',*,*,#1153,.T.);
#1457=ORIENTED_EDGE('',*,*,#1141,.T.);
#1458=ORIENTED_EDGE('',*,*,#1154,.F.);
#1459=ORIENTED_EDGE('',*,*,#1136,.T.);
#1460=ORIENTED_EDGE('',*,*,#1131,.F.);
#1461=ORIENTED_EDGE('',*,*,#1155,.T.);
#1462=ORIENTED_EDGE('',*,*,#1118,.F.);
#1463=ORIENTED_EDGE('',*,*,#1120,.F.);
#1464=ORIENTED_EDGE('',*,*,#1156,.T.);
#1465=ORIENTED_EDGE('',*,*,#1157,.T.);
#1466=ORIENTED_EDGE('',*,*,#1137,.T.);
#1467=ORIENTED_EDGE('',*,*,#1154,.T.);
#1468=ORIENTED_EDGE('',*,*,#1130,.T.);
#1469=ORIENTED_EDGE('',*,*,#1158,.F.);
#1470=ORIENTED_EDGE('',*,*,#1144,.F.);
#1471=ORIENTED_EDGE('',*,*,#1159,.F.);
#1472=ORIENTED_EDGE('',*,*,#1123,.F.);
#1473=ORIENTED_EDGE('',*,*,#1113,.T.);
#1474=ORIENTED_EDGE('',*,*,#1160,.T.);
#1475=ORIENTED_EDGE('',*,*,#1161,.T.);
#1476=ORIENTED_EDGE('',*,*,#1158,.T.);
#1477=ORIENTED_EDGE('',*,*,#1122,.T.);
#1478=ORIENTED_EDGE('',*,*,#1162,.T.);
#1479=ORIENTED_EDGE('',*,*,#1145,.T.);
#1480=ORIENTED_EDGE('',*,*,#1157,.F.);
#1481=ORIENTED_EDGE('',*,*,#1129,.F.);
#1482=ORIENTED_EDGE('',*,*,#1163,.F.);
#1483=ORIENTED_EDGE('',*,*,#1138,.T.);
#1484=ORIENTED_EDGE('',*,*,#1112,.T.);
#1485=ORIENTED_EDGE('',*,*,#1164,.T.);
#1486=ORIENTED_EDGE('',*,*,#1165,.T.);
#1487=ORIENTED_EDGE('',*,*,#1163,.T.);
#1488=ORIENTED_EDGE('',*,*,#1128,.T.);
#1489=ORIENTED_EDGE('',*,*,#1166,.T.);
#1490=ORIENTED_EDGE('',*,*,#1139,.T.);
#1491=ORIENTED_EDGE('',*,*,#1167,.F.);
#1492=ORIENTED_EDGE('',*,*,#1142,.F.);
#1493=ORIENTED_EDGE('',*,*,#1153,.F.);
#1494=ORIENTED_EDGE('',*,*,#1149,.T.);
#1495=ORIENTED_EDGE('',*,*,#1146,.F.);
#1496=ORIENTED_EDGE('',*,*,#1125,.F.);
#1497=ORIENTED_EDGE('',*,*,#1115,.T.);
#1498=ORIENTED_EDGE('',*,*,#1168,.T.);
#1499=ORIENTED_EDGE('',*,*,#1159,.T.);
#1500=ORIENTED_EDGE('',*,*,#1143,.T.);
#1501=ORIENTED_EDGE('',*,*,#1167,.T.);
#1502=ORIENTED_EDGE('',*,*,#1124,.T.);
#1503=ORIENTED_EDGE('',*,*,#1119,.F.);
#1504=ORIENTED_EDGE('',*,*,#1155,.F.);
#1505=ORIENTED_EDGE('',*,*,#1134,.F.);
#1506=ORIENTED_EDGE('',*,*,#1169,.F.);
#1507=ORIENTED_EDGE('',*,*,#1161,.F.);
#1508=ORIENTED_EDGE('',*,*,#1170,.T.);
#1509=ORIENTED_EDGE('',*,*,#1168,.F.);
#1510=ORIENTED_EDGE('',*,*,#1170,.F.);
#1511=ORIENTED_EDGE('',*,*,#1171,.F.);
#1512=ORIENTED_EDGE('',*,*,#1172,.T.);
#1513=ORIENTED_EDGE('',*,*,#1164,.F.);
#1514=ORIENTED_EDGE('',*,*,#1172,.F.);
#1515=ORIENTED_EDGE('',*,*,#1156,.F.);
#1516=ORIENTED_EDGE('',*,*,#1173,.T.);
#1517=ORIENTED_EDGE('',*,*,#1165,.F.);
#1518=ORIENTED_EDGE('',*,*,#1173,.F.);
#1519=ORIENTED_EDGE('',*,*,#1160,.F.);
#1520=ORIENTED_EDGE('',*,*,#1174,.T.);
#1521=ORIENTED_EDGE('',*,*,#1175,.F.);
#1522=ORIENTED_EDGE('',*,*,#1174,.F.);
#1523=ORIENTED_EDGE('',*,*,#1162,.F.);
#1524=ORIENTED_EDGE('',*,*,#1121,.F.);
#1525=ORIENTED_EDGE('',*,*,#1116,.F.);
#1526=ORIENTED_EDGE('',*,*,#1169,.T.);
#1527=ORIENTED_EDGE('',*,*,#1133,.F.);
#1528=ORIENTED_EDGE('',*,*,#1135,.F.);
#1529=ORIENTED_EDGE('',*,*,#1175,.T.);
#1530=ORIENTED_EDGE('',*,*,#1166,.F.);
#1531=ORIENTED_EDGE('',*,*,#1127,.F.);
#1532=ORIENTED_EDGE('',*,*,#1148,.F.);
#1533=ORIENTED_EDGE('',*,*,#1151,.T.);
#1534=ORIENTED_EDGE('',*,*,#1152,.F.);
#1535=ORIENTED_EDGE('',*,*,#1140,.F.);
#1536=ORIENTED_EDGE('',*,*,#1110,.T.);
#1537=ORIENTED_EDGE('',*,*,#1171,.T.);
#1538=ORIENTED_EDGE('',*,*,#1176,.T.);
#1539=ORIENTED_EDGE('',*,*,#1177,.F.);
#1540=ORIENTED_EDGE('',*,*,#1178,.T.);
#1541=ORIENTED_EDGE('',*,*,#1179,.F.);
#1542=ORIENTED_EDGE('',*,*,#1180,.T.);
#1543=ORIENTED_EDGE('',*,*,#1181,.F.);
#1544=ORIENTED_EDGE('',*,*,#1182,.T.);
#1545=ORIENTED_EDGE('',*,*,#1183,.T.);
#1546=ORIENTED_EDGE('',*,*,#1184,.F.);
#1547=ORIENTED_EDGE('',*,*,#1185,.T.);
#1548=ORIENTED_EDGE('',*,*,#1186,.F.);
#1549=ORIENTED_EDGE('',*,*,#1187,.T.);
#1550=ORIENTED_EDGE('',*,*,#1188,.F.);
#1551=ORIENTED_EDGE('',*,*,#1189,.F.);
#1552=ORIENTED_EDGE('',*,*,#1190,.F.);
#1553=ORIENTED_EDGE('',*,*,#1176,.F.);
#1554=ORIENTED_EDGE('',*,*,#1191,.F.);
#1555=ORIENTED_EDGE('',*,*,#1192,.F.);
#1556=ORIENTED_EDGE('',*,*,#1193,.F.);
#1557=ORIENTED_EDGE('',*,*,#1180,.F.);
#1558=ORIENTED_EDGE('',*,*,#1194,.F.);
#1559=ORIENTED_EDGE('',*,*,#1192,.T.);
#1560=ORIENTED_EDGE('',*,*,#1195,.F.);
#1561=ORIENTED_EDGE('',*,*,#1196,.T.);
#1562=ORIENTED_EDGE('',*,*,#1197,.F.);
#1563=ORIENTED_EDGE('',*,*,#1198,.F.);
#1564=ORIENTED_EDGE('',*,*,#1199,.T.);
#1565=ORIENTED_EDGE('',*,*,#1200,.F.);
#1566=ORIENTED_EDGE('',*,*,#1201,.F.);
#1567=ORIENTED_EDGE('',*,*,#1199,.F.);
#1568=ORIENTED_EDGE('',*,*,#1202,.F.);
#1569=ORIENTED_EDGE('',*,*,#1203,.F.);
#1570=ORIENTED_EDGE('',*,*,#1204,.F.);
#1571=ORIENTED_EDGE('',*,*,#1185,.F.);
#1572=ORIENTED_EDGE('',*,*,#1189,.T.);
#1573=ORIENTED_EDGE('',*,*,#1205,.F.);
#1574=ORIENTED_EDGE('',*,*,#1206,.T.);
#1575=ORIENTED_EDGE('',*,*,#1207,.F.);
#1576=ORIENTED_EDGE('',*,*,#1203,.T.);
#1577=ORIENTED_EDGE('',*,*,#1208,.F.);
#1578=ORIENTED_EDGE('',*,*,#1209,.T.);
#1579=ORIENTED_EDGE('',*,*,#1210,.T.);
#1580=ORIENTED_EDGE('',*,*,#1211,.F.);
#1581=ORIENTED_EDGE('',*,*,#1202,.T.);
#1582=ORIENTED_EDGE('',*,*,#1184,.T.);
#1583=ORIENTED_EDGE('',*,*,#1212,.F.);
#1584=ORIENTED_EDGE('',*,*,#1208,.T.);
#1585=ORIENTED_EDGE('',*,*,#1200,.T.);
#1586=ORIENTED_EDGE('',*,*,#1201,.T.);
#1587=ORIENTED_EDGE('',*,*,#1191,.T.);
#1588=ORIENTED_EDGE('',*,*,#1179,.T.);
#1589=ORIENTED_EDGE('',*,*,#1213,.T.);
#1590=ORIENTED_EDGE('',*,*,#1195,.T.);
#1591=ORIENTED_EDGE('',*,*,#1194,.T.);
#1592=ORIENTED_EDGE('',*,*,#1188,.T.);
#1593=ORIENTED_EDGE('',*,*,#1214,.T.);
#1594=ORIENTED_EDGE('',*,*,#1205,.T.);
#1595=ORIENTED_EDGE('',*,*,#1214,.F.);
#1596=ORIENTED_EDGE('',*,*,#1187,.F.);
#1597=ORIENTED_EDGE('',*,*,#1215,.F.);
#1598=ORIENTED_EDGE('',*,*,#1206,.F.);
#1599=ORIENTED_EDGE('',*,*,#1213,.F.);
#1600=ORIENTED_EDGE('',*,*,#1178,.F.);
#1601=ORIENTED_EDGE('',*,*,#1216,.F.);
#1602=ORIENTED_EDGE('',*,*,#1196,.F.);
#1603=ORIENTED_EDGE('',*,*,#1190,.T.);
#1604=ORIENTED_EDGE('',*,*,#1211,.T.);
#1605=ORIENTED_EDGE('',*,*,#1217,.F.);
#1606=ORIENTED_EDGE('',*,*,#1181,.T.);
#1607=ORIENTED_EDGE('',*,*,#1193,.T.);
#1608=ORIENTED_EDGE('',*,*,#1197,.T.);
#1609=ORIENTED_EDGE('',*,*,#1216,.T.);
#1610=ORIENTED_EDGE('',*,*,#1177,.T.);
#1611=ORIENTED_EDGE('',*,*,#1204,.T.);
#1612=ORIENTED_EDGE('',*,*,#1207,.T.);
#1613=ORIENTED_EDGE('',*,*,#1215,.T.);
#1614=ORIENTED_EDGE('',*,*,#1186,.T.);
#1615=ORIENTED_EDGE('',*,*,#1198,.T.);
#1616=ORIENTED_EDGE('',*,*,#1212,.T.);
#1617=ORIENTED_EDGE('',*,*,#1183,.F.);
#1618=ORIENTED_EDGE('',*,*,#1218,.T.);
#1619=ORIENTED_EDGE('',*,*,#1209,.F.);
#1620=ORIENTED_EDGE('',*,*,#1217,.T.);
#1621=ORIENTED_EDGE('',*,*,#1210,.F.);
#1622=ORIENTED_EDGE('',*,*,#1218,.F.);
#1623=ORIENTED_EDGE('',*,*,#1182,.F.);
#1624=ORIENTED_EDGE('',*,*,#1219,.T.);
#1625=ORIENTED_EDGE('',*,*,#1220,.F.);
#1626=ORIENTED_EDGE('',*,*,#1219,.F.);
#1627=ORIENTED_EDGE('',*,*,#1220,.T.);
#1628=ORIENTED_EDGE('',*,*,#1221,.T.);
#1629=ORIENTED_EDGE('',*,*,#1222,.F.);
#1630=ORIENTED_EDGE('',*,*,#1221,.F.);
#1631=ORIENTED_EDGE('',*,*,#1222,.T.);
#1632=ORIENTED_EDGE('',*,*,#1223,.T.);
#1633=ORIENTED_EDGE('',*,*,#1224,.F.);
#1634=ORIENTED_EDGE('',*,*,#1223,.F.);
#1635=ORIENTED_EDGE('',*,*,#1225,.F.);
#1636=ORIENTED_EDGE('',*,*,#1224,.T.);
#1637=ORIENTED_EDGE('',*,*,#1226,.T.);
#1638=ORIENTED_EDGE('',*,*,#1225,.T.);
#1639=ORIENTED_EDGE('',*,*,#1226,.F.);
#1640=ORIENTED_EDGE('',*,*,#1227,.F.);
#1641=ORIENTED_EDGE('',*,*,#1228,.T.);
#1642=ORIENTED_EDGE('',*,*,#1229,.T.);
#1643=ORIENTED_EDGE('',*,*,#1228,.F.);
#1644=ORIENTED_EDGE('',*,*,#1227,.T.);
#1645=ORIENTED_EDGE('',*,*,#1230,.T.);
#1646=ORIENTED_EDGE('',*,*,#1231,.T.);
#1647=ORIENTED_EDGE('',*,*,#1232,.T.);
#1648=ORIENTED_EDGE('',*,*,#1233,.T.);
#1649=ORIENTED_EDGE('',*,*,#1232,.F.);
#1650=ORIENTED_EDGE('',*,*,#1233,.F.);
#1651=ORIENTED_EDGE('',*,*,#1234,.T.);
#1652=ORIENTED_EDGE('',*,*,#1230,.F.);
#1653=ORIENTED_EDGE('',*,*,#1234,.F.);
#1654=ORIENTED_EDGE('',*,*,#1235,.F.);
#1655=ORIENTED_EDGE('',*,*,#1229,.F.);
#1656=ORIENTED_EDGE('',*,*,#1231,.F.);
#1657=ORIENTED_EDGE('',*,*,#1236,.T.);
#1658=ORIENTED_EDGE('',*,*,#1237,.F.);
#1659=ORIENTED_EDGE('',*,*,#1236,.F.);
#1660=ORIENTED_EDGE('',*,*,#1238,.T.);
#1661=ORIENTED_EDGE('',*,*,#1239,.T.);
#1662=ORIENTED_EDGE('',*,*,#1237,.T.);
#1663=ORIENTED_EDGE('',*,*,#1239,.F.);
#1664=ORIENTED_EDGE('',*,*,#1240,.T.);
#1665=ORIENTED_EDGE('',*,*,#1238,.F.);
#1666=ORIENTED_EDGE('',*,*,#1240,.F.);
#1667=ORIENTED_EDGE('',*,*,#1241,.T.);
#1668=ORIENTED_EDGE('',*,*,#1235,.T.);
#1669=ORIENTED_EDGE('',*,*,#1241,.F.);
#1670=ORIENTED_EDGE('',*,*,#1242,.F.);
#1671=ORIENTED_EDGE('',*,*,#1242,.T.);
#1672=ORIENTED_EDGE('',*,*,#1243,.T.);
#1673=ORIENTED_EDGE('',*,*,#1244,.T.);
#1674=ORIENTED_EDGE('',*,*,#1243,.F.);
#1675=ORIENTED_EDGE('',*,*,#1244,.F.);
#1676=ORIENTED_EDGE('',*,*,#1245,.F.);
#1677=ORIENTED_EDGE('',*,*,#1246,.T.);
#1678=ORIENTED_EDGE('',*,*,#1247,.F.);
#1679=ORIENTED_EDGE('',*,*,#1246,.F.);
#1680=ORIENTED_EDGE('',*,*,#1248,.F.);
#1681=ORIENTED_EDGE('',*,*,#1249,.F.);
#1682=ORIENTED_EDGE('',*,*,#1250,.F.);
#1683=ORIENTED_EDGE('',*,*,#1251,.F.);
#1684=ORIENTED_EDGE('',*,*,#1245,.T.);
#1685=ORIENTED_EDGE('',*,*,#1250,.T.);
#1686=ORIENTED_EDGE('',*,*,#1252,.F.);
#1687=ORIENTED_EDGE('',*,*,#1253,.T.);
#1688=ORIENTED_EDGE('',*,*,#1254,.T.);
#1689=ORIENTED_EDGE('',*,*,#1255,.F.);
#1690=ORIENTED_EDGE('',*,*,#1256,.T.);
#1691=ORIENTED_EDGE('',*,*,#1257,.F.);
#1692=ORIENTED_EDGE('',*,*,#1258,.T.);
#1693=ORIENTED_EDGE('',*,*,#1259,.F.);
#1694=ORIENTED_EDGE('',*,*,#1260,.T.);
#1695=ORIENTED_EDGE('',*,*,#1261,.F.);
#1696=ORIENTED_EDGE('',*,*,#1262,.T.);
#1697=ORIENTED_EDGE('',*,*,#1263,.T.);
#1698=ORIENTED_EDGE('',*,*,#1264,.T.);
#1699=ORIENTED_EDGE('',*,*,#1265,.T.);
#1700=ORIENTED_EDGE('',*,*,#1251,.T.);
#1701=ORIENTED_EDGE('',*,*,#1252,.T.);
#1702=ORIENTED_EDGE('',*,*,#1249,.T.);
#1703=ORIENTED_EDGE('',*,*,#1266,.T.);
#1704=ORIENTED_EDGE('',*,*,#1267,.F.);
#1705=ORIENTED_EDGE('',*,*,#1268,.F.);
#1706=ORIENTED_EDGE('',*,*,#1269,.F.);
#1707=ORIENTED_EDGE('',*,*,#1270,.T.);
#1708=ORIENTED_EDGE('',*,*,#1271,.F.);
#1709=ORIENTED_EDGE('',*,*,#1272,.F.);
#1710=ORIENTED_EDGE('',*,*,#1270,.F.);
#1711=ORIENTED_EDGE('',*,*,#1273,.T.);
#1712=ORIENTED_EDGE('',*,*,#1274,.F.);
#1713=ORIENTED_EDGE('',*,*,#1275,.F.);
#1714=ORIENTED_EDGE('',*,*,#1276,.F.);
#1715=ORIENTED_EDGE('',*,*,#1277,.F.);
#1716=ORIENTED_EDGE('',*,*,#1278,.F.);
#1717=ORIENTED_EDGE('',*,*,#1279,.F.);
#1718=ORIENTED_EDGE('',*,*,#1280,.F.);
#1719=ORIENTED_EDGE('',*,*,#1281,.F.);
#1720=ORIENTED_EDGE('',*,*,#1274,.T.);
#1721=ORIENTED_EDGE('',*,*,#1247,.T.);
#1722=ORIENTED_EDGE('',*,*,#1280,.T.);
#1723=ORIENTED_EDGE('',*,*,#1282,.F.);
#1724=ORIENTED_EDGE('',*,*,#1283,.F.);
#1725=ORIENTED_EDGE('',*,*,#1284,.F.);
#1726=ORIENTED_EDGE('',*,*,#1285,.F.);
#1727=ORIENTED_EDGE('',*,*,#1286,.F.);
#1728=ORIENTED_EDGE('',*,*,#1287,.F.);
#1729=ORIENTED_EDGE('',*,*,#1283,.T.);
#1730=ORIENTED_EDGE('',*,*,#1288,.F.);
#1731=ORIENTED_EDGE('',*,*,#1289,.T.);
#1732=ORIENTED_EDGE('',*,*,#1290,.F.);
#1733=ORIENTED_EDGE('',*,*,#1291,.F.);
#1734=ORIENTED_EDGE('',*,*,#1276,.T.);
#1735=ORIENTED_EDGE('',*,*,#1292,.F.);
#1736=ORIENTED_EDGE('',*,*,#1289,.F.);
#1737=ORIENTED_EDGE('',*,*,#1293,.F.);
#1738=ORIENTED_EDGE('',*,*,#1293,.T.);
#1739=ORIENTED_EDGE('',*,*,#1288,.T.);
#1740=ORIENTED_EDGE('',*,*,#1294,.T.);
#1741=ORIENTED_EDGE('',*,*,#1285,.T.);
#1742=ORIENTED_EDGE('',*,*,#1282,.T.);
#1743=ORIENTED_EDGE('',*,*,#1295,.F.);
#1744=ORIENTED_EDGE('',*,*,#1296,.F.);
#1745=ORIENTED_EDGE('',*,*,#1297,.T.);
#1746=ORIENTED_EDGE('',*,*,#1298,.F.);
#1747=ORIENTED_EDGE('',*,*,#1275,.T.);
#1748=ORIENTED_EDGE('',*,*,#1273,.F.);
#1749=ORIENTED_EDGE('',*,*,#1281,.T.);
#1750=ORIENTED_EDGE('',*,*,#1299,.F.);
#1751=ORIENTED_EDGE('',*,*,#1297,.F.);
#1752=ORIENTED_EDGE('',*,*,#1267,.T.);
#1753=ORIENTED_EDGE('',*,*,#1269,.T.);
#1754=ORIENTED_EDGE('',*,*,#1268,.T.);
#1755=ORIENTED_EDGE('',*,*,#1291,.T.);
#1756=ORIENTED_EDGE('',*,*,#1300,.F.);
#1757=ORIENTED_EDGE('',*,*,#1286,.T.);
#1758=ORIENTED_EDGE('',*,*,#1294,.F.);
#1759=ORIENTED_EDGE('',*,*,#1290,.T.);
#1760=ORIENTED_EDGE('',*,*,#1292,.T.);
#1761=ORIENTED_EDGE('',*,*,#1298,.T.);
#1762=ORIENTED_EDGE('',*,*,#1299,.T.);
#1763=ORIENTED_EDGE('',*,*,#1284,.T.);
#1764=ORIENTED_EDGE('',*,*,#1287,.T.);
#1765=ORIENTED_EDGE('',*,*,#1300,.T.);
#1766=ORIENTED_EDGE('',*,*,#1277,.T.);
#1767=ORIENTED_EDGE('',*,*,#1295,.T.);
#1768=ORIENTED_EDGE('',*,*,#1279,.T.);
#1769=ORIENTED_EDGE('',*,*,#1301,.T.);
#1770=ORIENTED_EDGE('',*,*,#1302,.F.);
#1771=ORIENTED_EDGE('',*,*,#1303,.F.);
#1772=ORIENTED_EDGE('',*,*,#1265,.F.);
#1773=ORIENTED_EDGE('',*,*,#1304,.T.);
#1774=ORIENTED_EDGE('',*,*,#1305,.T.);
#1775=ORIENTED_EDGE('',*,*,#1306,.T.);
#1776=ORIENTED_EDGE('',*,*,#1307,.T.);
#1777=ORIENTED_EDGE('',*,*,#1302,.T.);
#1778=ORIENTED_EDGE('',*,*,#1308,.T.);
#1779=ORIENTED_EDGE('',*,*,#1307,.F.);
#1780=ORIENTED_EDGE('',*,*,#1309,.F.);
#1781=ORIENTED_EDGE('',*,*,#1262,.F.);
#1782=ORIENTED_EDGE('',*,*,#1303,.T.);
#1783=ORIENTED_EDGE('',*,*,#1306,.F.);
#1784=ORIENTED_EDGE('',*,*,#1310,.F.);
#1785=ORIENTED_EDGE('',*,*,#1263,.F.);
#1786=ORIENTED_EDGE('',*,*,#1309,.T.);
#1787=ORIENTED_EDGE('',*,*,#1311,.T.);
#1788=ORIENTED_EDGE('',*,*,#1308,.F.);
#1789=ORIENTED_EDGE('',*,*,#1304,.F.);
#1790=ORIENTED_EDGE('',*,*,#1264,.F.);
#1791=ORIENTED_EDGE('',*,*,#1310,.T.);
#1792=ORIENTED_EDGE('',*,*,#1305,.F.);
#1793=ORIENTED_EDGE('',*,*,#1312,.T.);
#1794=ORIENTED_EDGE('',*,*,#1311,.F.);
#1795=ORIENTED_EDGE('',*,*,#1312,.F.);
#1796=ORIENTED_EDGE('',*,*,#1301,.F.);
#1797=ORIENTED_EDGE('',*,*,#1278,.T.);
#1798=ORIENTED_EDGE('',*,*,#1266,.F.);
#1799=ORIENTED_EDGE('',*,*,#1248,.T.);
#1800=ORIENTED_EDGE('',*,*,#1313,.T.);
#1801=ORIENTED_EDGE('',*,*,#1314,.T.);
#1802=ORIENTED_EDGE('',*,*,#1257,.T.);
#1803=ORIENTED_EDGE('',*,*,#1315,.T.);
#1804=ORIENTED_EDGE('',*,*,#1314,.F.);
#1805=ORIENTED_EDGE('',*,*,#1316,.F.);
#1806=ORIENTED_EDGE('',*,*,#1317,.F.);
#1807=ORIENTED_EDGE('',*,*,#1258,.F.);
#1808=ORIENTED_EDGE('',*,*,#1318,.T.);
#1809=ORIENTED_EDGE('',*,*,#1319,.T.);
#1810=ORIENTED_EDGE('',*,*,#1259,.T.);
#1811=ORIENTED_EDGE('',*,*,#1317,.T.);
#1812=ORIENTED_EDGE('',*,*,#1319,.F.);
#1813=ORIENTED_EDGE('',*,*,#1320,.F.);
#1814=ORIENTED_EDGE('',*,*,#1321,.F.);
#1815=ORIENTED_EDGE('',*,*,#1260,.F.);
#1816=ORIENTED_EDGE('',*,*,#1261,.T.);
#1817=ORIENTED_EDGE('',*,*,#1321,.T.);
#1818=ORIENTED_EDGE('',*,*,#1322,.T.);
#1819=ORIENTED_EDGE('',*,*,#1323,.T.);
#1820=ORIENTED_EDGE('',*,*,#1324,.T.);
#1821=ORIENTED_EDGE('',*,*,#1325,.T.);
#1822=ORIENTED_EDGE('',*,*,#1255,.T.);
#1823=ORIENTED_EDGE('',*,*,#1326,.T.);
#1824=ORIENTED_EDGE('',*,*,#1315,.F.);
#1825=ORIENTED_EDGE('',*,*,#1256,.F.);
#1826=ORIENTED_EDGE('',*,*,#1325,.F.);
#1827=ORIENTED_EDGE('',*,*,#1327,.F.);
#1828=ORIENTED_EDGE('',*,*,#1328,.T.);
#1829=ORIENTED_EDGE('',*,*,#1329,.T.);
#1830=ORIENTED_EDGE('',*,*,#1330,.T.);
#1831=ORIENTED_EDGE('',*,*,#1331,.T.);
#1832=ORIENTED_EDGE('',*,*,#1329,.F.);
#1833=ORIENTED_EDGE('',*,*,#1332,.F.);
#1834=ORIENTED_EDGE('',*,*,#1333,.F.);
#1835=ORIENTED_EDGE('',*,*,#1334,.F.);
#1836=ORIENTED_EDGE('',*,*,#1328,.F.);
#1837=ORIENTED_EDGE('',*,*,#1335,.T.);
#1838=ORIENTED_EDGE('',*,*,#1336,.F.);
#1839=ORIENTED_EDGE('',*,*,#1337,.T.);
#1840=ORIENTED_EDGE('',*,*,#1338,.F.);
#1841=ORIENTED_EDGE('',*,*,#1339,.T.);
#1842=ORIENTED_EDGE('',*,*,#1340,.F.);
#1843=ORIENTED_EDGE('',*,*,#1332,.T.);
#1844=ORIENTED_EDGE('',*,*,#1320,.T.);
#1845=ORIENTED_EDGE('',*,*,#1318,.F.);
#1846=ORIENTED_EDGE('',*,*,#1316,.T.);
#1847=ORIENTED_EDGE('',*,*,#1313,.F.);
#1848=ORIENTED_EDGE('',*,*,#1327,.T.);
#1849=ORIENTED_EDGE('',*,*,#1324,.F.);
#1850=ORIENTED_EDGE('',*,*,#1341,.T.);
#1851=ORIENTED_EDGE('',*,*,#1322,.F.);
#1852=ORIENTED_EDGE('',*,*,#1340,.T.);
#1853=ORIENTED_EDGE('',*,*,#1342,.T.);
#1854=ORIENTED_EDGE('',*,*,#1343,.T.);
#1855=ORIENTED_EDGE('',*,*,#1333,.T.);
#1856=ORIENTED_EDGE('',*,*,#1342,.F.);
#1857=ORIENTED_EDGE('',*,*,#1339,.F.);
#1858=ORIENTED_EDGE('',*,*,#1344,.F.);
#1859=ORIENTED_EDGE('',*,*,#1345,.F.);
#1860=ORIENTED_EDGE('',*,*,#1336,.T.);
#1861=ORIENTED_EDGE('',*,*,#1346,.T.);
#1862=ORIENTED_EDGE('',*,*,#1347,.T.);
#1863=ORIENTED_EDGE('',*,*,#1348,.T.);
#1864=ORIENTED_EDGE('',*,*,#1331,.F.);
#1865=ORIENTED_EDGE('',*,*,#1349,.F.);
#1866=ORIENTED_EDGE('',*,*,#1346,.F.);
#1867=ORIENTED_EDGE('',*,*,#1335,.F.);
#1868=ORIENTED_EDGE('',*,*,#1338,.T.);
#1869=ORIENTED_EDGE('',*,*,#1350,.T.);
#1870=ORIENTED_EDGE('',*,*,#1351,.T.);
#1871=ORIENTED_EDGE('',*,*,#1344,.T.);
#1872=ORIENTED_EDGE('',*,*,#1348,.F.);
#1873=ORIENTED_EDGE('',*,*,#1352,.F.);
#1874=ORIENTED_EDGE('',*,*,#1350,.F.);
#1875=ORIENTED_EDGE('',*,*,#1337,.F.);
#1876=ORIENTED_EDGE('',*,*,#1353,.F.);
#1877=ORIENTED_EDGE('',*,*,#1354,.T.);
#1878=ORIENTED_EDGE('',*,*,#1355,.F.);
#1879=ORIENTED_EDGE('',*,*,#1354,.F.);
#1880=ORIENTED_EDGE('',*,*,#1271,.T.);
#1881=ORIENTED_EDGE('',*,*,#1272,.T.);
#1882=ORIENTED_EDGE('',*,*,#1296,.T.);
#1883=ORIENTED_EDGE('',*,*,#1353,.T.);
#1884=ORIENTED_EDGE('',*,*,#1323,.F.);
#1885=ORIENTED_EDGE('',*,*,#1341,.F.);
#1886=ORIENTED_EDGE('',*,*,#1326,.F.);
#1887=ORIENTED_EDGE('',*,*,#1254,.F.);
#1888=ORIENTED_EDGE('',*,*,#1356,.F.);
#1889=ORIENTED_EDGE('',*,*,#1357,.T.);
#1890=ORIENTED_EDGE('',*,*,#1358,.T.);
#1891=ORIENTED_EDGE('',*,*,#1359,.T.);
#1892=ORIENTED_EDGE('',*,*,#1359,.F.);
#1893=ORIENTED_EDGE('',*,*,#1360,.F.);
#1894=ORIENTED_EDGE('',*,*,#1361,.F.);
#1895=ORIENTED_EDGE('',*,*,#1362,.F.);
#1896=ORIENTED_EDGE('',*,*,#1363,.F.);
#1897=ORIENTED_EDGE('',*,*,#1364,.T.);
#1898=ORIENTED_EDGE('',*,*,#1365,.T.);
#1899=ORIENTED_EDGE('',*,*,#1366,.T.);
#1900=ORIENTED_EDGE('',*,*,#1357,.F.);
#1901=ORIENTED_EDGE('',*,*,#1367,.F.);
#1902=ORIENTED_EDGE('',*,*,#1366,.F.);
#1903=ORIENTED_EDGE('',*,*,#1368,.F.);
#1904=ORIENTED_EDGE('',*,*,#1369,.F.);
#1905=ORIENTED_EDGE('',*,*,#1370,.T.);
#1906=ORIENTED_EDGE('',*,*,#1371,.T.);
#1907=ORIENTED_EDGE('',*,*,#1372,.T.);
#1908=ORIENTED_EDGE('',*,*,#1364,.F.);
#1909=ORIENTED_EDGE('',*,*,#1373,.F.);
#1910=ORIENTED_EDGE('',*,*,#1372,.F.);
#1911=ORIENTED_EDGE('',*,*,#1374,.F.);
#1912=ORIENTED_EDGE('',*,*,#1375,.F.);
#1913=ORIENTED_EDGE('',*,*,#1361,.T.);
#1914=ORIENTED_EDGE('',*,*,#1376,.T.);
#1915=ORIENTED_EDGE('',*,*,#1377,.T.);
#1916=ORIENTED_EDGE('',*,*,#1370,.F.);
#1917=ORIENTED_EDGE('',*,*,#1378,.F.);
#1918=ORIENTED_EDGE('',*,*,#1377,.F.);
#1919=ORIENTED_EDGE('',*,*,#1379,.F.);
#1920=ORIENTED_EDGE('',*,*,#1380,.T.);
#1921=ORIENTED_EDGE('',*,*,#1381,.T.);
#1922=ORIENTED_EDGE('',*,*,#1382,.T.);
#1923=ORIENTED_EDGE('',*,*,#1383,.T.);
#1924=ORIENTED_EDGE('',*,*,#1381,.F.);
#1925=ORIENTED_EDGE('',*,*,#1384,.F.);
#1926=ORIENTED_EDGE('',*,*,#1385,.F.);
#1927=ORIENTED_EDGE('',*,*,#1386,.F.);
#1928=ORIENTED_EDGE('',*,*,#1380,.F.);
#1929=ORIENTED_EDGE('',*,*,#1387,.T.);
#1930=ORIENTED_EDGE('',*,*,#1388,.F.);
#1931=ORIENTED_EDGE('',*,*,#1389,.T.);
#1932=ORIENTED_EDGE('',*,*,#1390,.F.);
#1933=ORIENTED_EDGE('',*,*,#1391,.T.);
#1934=ORIENTED_EDGE('',*,*,#1392,.F.);
#1935=ORIENTED_EDGE('',*,*,#1384,.T.);
#1936=ORIENTED_EDGE('',*,*,#1368,.T.);
#1937=ORIENTED_EDGE('',*,*,#1365,.F.);
#1938=ORIENTED_EDGE('',*,*,#1374,.T.);
#1939=ORIENTED_EDGE('',*,*,#1371,.F.);
#1940=ORIENTED_EDGE('',*,*,#1379,.T.);
#1941=ORIENTED_EDGE('',*,*,#1376,.F.);
#1942=ORIENTED_EDGE('',*,*,#1360,.T.);
#1943=ORIENTED_EDGE('',*,*,#1358,.F.);
#1944=ORIENTED_EDGE('',*,*,#1392,.T.);
#1945=ORIENTED_EDGE('',*,*,#1393,.T.);
#1946=ORIENTED_EDGE('',*,*,#1394,.T.);
#1947=ORIENTED_EDGE('',*,*,#1385,.T.);
#1948=ORIENTED_EDGE('',*,*,#1393,.F.);
#1949=ORIENTED_EDGE('',*,*,#1391,.F.);
#1950=ORIENTED_EDGE('',*,*,#1395,.F.);
#1951=ORIENTED_EDGE('',*,*,#1396,.F.);
#1952=ORIENTED_EDGE('',*,*,#1390,.T.);
#1953=ORIENTED_EDGE('',*,*,#1397,.T.);
#1954=ORIENTED_EDGE('',*,*,#1398,.T.);
#1955=ORIENTED_EDGE('',*,*,#1395,.T.);
#1956=ORIENTED_EDGE('',*,*,#1397,.F.);
#1957=ORIENTED_EDGE('',*,*,#1389,.F.);
#1958=ORIENTED_EDGE('',*,*,#1399,.F.);
#1959=ORIENTED_EDGE('',*,*,#1400,.F.);
#1960=ORIENTED_EDGE('',*,*,#1388,.T.);
#1961=ORIENTED_EDGE('',*,*,#1401,.T.);
#1962=ORIENTED_EDGE('',*,*,#1402,.T.);
#1963=ORIENTED_EDGE('',*,*,#1399,.T.);
#1964=ORIENTED_EDGE('',*,*,#1383,.F.);
#1965=ORIENTED_EDGE('',*,*,#1403,.F.);
#1966=ORIENTED_EDGE('',*,*,#1401,.F.);
#1967=ORIENTED_EDGE('',*,*,#1387,.F.);
#1968=ORIENTED_EDGE('',*,*,#1355,.T.);
#1969=ORIENTED_EDGE('',*,*,#1349,.T.);
#1970=ORIENTED_EDGE('',*,*,#1330,.F.);
#1971=ORIENTED_EDGE('',*,*,#1334,.T.);
#1972=ORIENTED_EDGE('',*,*,#1343,.F.);
#1973=ORIENTED_EDGE('',*,*,#1345,.T.);
#1974=ORIENTED_EDGE('',*,*,#1351,.F.);
#1975=ORIENTED_EDGE('',*,*,#1352,.T.);
#1976=ORIENTED_EDGE('',*,*,#1347,.F.);
#1977=ORIENTED_EDGE('',*,*,#1396,.T.);
#1978=ORIENTED_EDGE('',*,*,#1398,.F.);
#1979=ORIENTED_EDGE('',*,*,#1400,.T.);
#1980=ORIENTED_EDGE('',*,*,#1402,.F.);
#1981=ORIENTED_EDGE('',*,*,#1403,.T.);
#1982=ORIENTED_EDGE('',*,*,#1382,.F.);
#1983=ORIENTED_EDGE('',*,*,#1386,.T.);
#1984=ORIENTED_EDGE('',*,*,#1394,.F.);
#1985=ORIENTED_EDGE('',*,*,#1404,.F.);
#1986=ORIENTED_EDGE('',*,*,#1405,.T.);
#1987=ORIENTED_EDGE('',*,*,#1253,.F.);
#1988=ORIENTED_EDGE('',*,*,#1405,.F.);
#1989=ORIENTED_EDGE('',*,*,#1356,.T.);
#1990=ORIENTED_EDGE('',*,*,#1362,.T.);
#1991=ORIENTED_EDGE('',*,*,#1375,.T.);
#1992=ORIENTED_EDGE('',*,*,#1378,.T.);
#1993=ORIENTED_EDGE('',*,*,#1369,.T.);
#1994=ORIENTED_EDGE('',*,*,#1373,.T.);
#1995=ORIENTED_EDGE('',*,*,#1363,.T.);
#1996=ORIENTED_EDGE('',*,*,#1367,.T.);
#1997=ORIENTED_EDGE('',*,*,#1404,.T.);
#1998=CYLINDRICAL_SURFACE('',#2216,1.);
#1999=CYLINDRICAL_SURFACE('',#2219,1.);
#2000=CYLINDRICAL_SURFACE('',#2222,1.);
#2001=CYLINDRICAL_SURFACE('',#2226,1.);
#2002=CYLINDRICAL_SURFACE('',#2230,1.);
#2003=CYLINDRICAL_SURFACE('',#2234,1.);
#2004=CYLINDRICAL_SURFACE('',#2240,2.5);
#2005=CYLINDRICAL_SURFACE('',#2247,2.5);
#2006=CYLINDRICAL_SURFACE('',#2253,2.5);
#2007=CYLINDRICAL_SURFACE('',#2258,2.5);
#2008=CYLINDRICAL_SURFACE('',#2260,1.);
#2009=CYLINDRICAL_SURFACE('',#2261,1.);
#2010=CYLINDRICAL_SURFACE('',#2263,1.);
#2011=CYLINDRICAL_SURFACE('',#2264,1.);
#2012=CYLINDRICAL_SURFACE('',#2274,1.5);
#2013=CYLINDRICAL_SURFACE('',#2279,20.);
#2014=CYLINDRICAL_SURFACE('',#2298,17.75);
#2015=CYLINDRICAL_SURFACE('',#2306,17.);
#2016=CYLINDRICAL_SURFACE('',#2309,18.);
#2017=CYLINDRICAL_SURFACE('',#2315,18.5161224889927);
#2018=CYLINDRICAL_SURFACE('',#2319,1.);
#2019=CYLINDRICAL_SURFACE('',#2322,1.5);
#2020=CYLINDRICAL_SURFACE('',#2333,18.);
#2021=CYLINDRICAL_SURFACE('',#2335,1.5);
#2022=CYLINDRICAL_SURFACE('',#2346,20.);
#2023=CYLINDRICAL_SURFACE('',#2350,18.5);
#2024=CYLINDRICAL_SURFACE('',#2353,20.0000002980232);
#2025=CYLINDRICAL_SURFACE('',#2358,2.5);
#2026=CYLINDRICAL_SURFACE('',#2364,0.999999850988389);
#2027=CYLINDRICAL_SURFACE('',#2366,0.5);
#2028=CYLINDRICAL_SURFACE('',#2369,0.5);
#2029=CYLINDRICAL_SURFACE('',#2372,0.5);
#2030=CYLINDRICAL_SURFACE('',#2374,0.5);
#2031=CYLINDRICAL_SURFACE('',#2377,1.);
#2032=CYLINDRICAL_SURFACE('',#2385,1.);
#2033=CYLINDRICAL_SURFACE('',#2388,1.);
#2034=CYLINDRICAL_SURFACE('',#2391,1.);
#2035=CYLINDRICAL_SURFACE('',#2394,18.);
#2036=CYLINDRICAL_SURFACE('',#2399,0.2);
#2037=CYLINDRICAL_SURFACE('',#2403,0.2);
#2038=CYLINDRICAL_SURFACE('',#2407,0.2);
#2039=CYLINDRICAL_SURFACE('',#2411,0.2);
#2040=CYLINDRICAL_SURFACE('',#2415,1.);
#2041=CYLINDRICAL_SURFACE('',#2423,1.);
#2042=CYLINDRICAL_SURFACE('',#2426,1.);
#2043=CYLINDRICAL_SURFACE('',#2429,1.);
#2044=CYLINDRICAL_SURFACE('',#2433,2.);
#2045=ADVANCED_FACE('',(#171),#1998,.F.);
#2046=ADVANCED_FACE('',(#172),#1999,.F.);
#2047=ADVANCED_FACE('',(#173),#2000,.T.);
#2048=ADVANCED_FACE('',(#174),#106,.T.);
#2049=ADVANCED_FACE('',(#175),#2001,.T.);
#2050=ADVANCED_FACE('',(#176),#107,.F.);
#2051=ADVANCED_FACE('',(#177),#2002,.T.);
#2052=ADVANCED_FACE('',(#178),#108,.F.);
#2053=ADVANCED_FACE('',(#179),#2003,.T.);
#2054=ADVANCED_FACE('',(#180,#72),#109,.T.);
#2055=ADVANCED_FACE('',(#181),#2004,.T.);
#2056=ADVANCED_FACE('',(#182,#73,#74,#75),#110,.T.);
#2057=ADVANCED_FACE('',(#183),#2005,.T.);
#2058=ADVANCED_FACE('',(#184,#76,#77,#78),#111,.T.);
#2059=ADVANCED_FACE('',(#185),#2006,.T.);
#2060=ADVANCED_FACE('',(#186,#79,#80),#112,.T.);
#2061=ADVANCED_FACE('',(#187),#2007,.T.);
#2062=ADVANCED_FACE('',(#188),#113,.T.);
#2063=ADVANCED_FACE('',(#189),#2008,.F.);
#2064=ADVANCED_FACE('',(#190),#2009,.F.);
#2065=ADVANCED_FACE('',(#191),#2010,.F.);
#2066=ADVANCED_FACE('',(#192),#2011,.F.);
#2067=ADVANCED_FACE('',(#193,#81),#114,.T.);
#2068=ADVANCED_FACE('',(#194,#82,#83),#115,.T.);
#2069=ADVANCED_FACE('',(#195),#116,.F.);
#2070=ADVANCED_FACE('',(#196),#117,.T.);
#2071=ADVANCED_FACE('',(#197),#118,.F.);
#2072=ADVANCED_FACE('',(#198),#119,.F.);
#2073=ADVANCED_FACE('',(#199),#120,.F.);
#2074=ADVANCED_FACE('',(#200),#2012,.F.);
#2075=ADVANCED_FACE('',(#201),#121,.T.);
#2076=ADVANCED_FACE('',(#202),#122,.T.);
#2077=ADVANCED_FACE('',(#203,#84),#2013,.F.);
#2078=ADVANCED_FACE('',(#204),#123,.T.);
#2079=ADVANCED_FACE('',(#205),#124,.F.);
#2080=ADVANCED_FACE('',(#206),#125,.F.);
#2081=ADVANCED_FACE('',(#207),#126,.T.);
#2082=ADVANCED_FACE('',(#208,#85),#127,.T.);
#2083=ADVANCED_FACE('',(#209),#128,.F.);
#2084=ADVANCED_FACE('',(#210),#129,.F.);
#2085=ADVANCED_FACE('',(#211),#37,.F.);
#2086=ADVANCED_FACE('',(#212),#35,.T.);
#2087=ADVANCED_FACE('',(#213),#38,.F.);
#2088=ADVANCED_FACE('',(#214,#86),#130,.T.);
#2089=ADVANCED_FACE('',(#215),#36,.F.);
#2090=ADVANCED_FACE('',(#216),#2014,.T.);
#2091=ADVANCED_FACE('',(#217,#87),#131,.T.);
#2092=ADVANCED_FACE('',(#218),#39,.F.);
#2093=ADVANCED_FACE('',(#219),#2015,.F.);
#2094=ADVANCED_FACE('',(#220,#88),#132,.T.);
#2095=ADVANCED_FACE('',(#221),#2016,.T.);
#2096=ADVANCED_FACE('',(#222),#40,.F.);
#2097=ADVANCED_FACE('',(#223,#89),#133,.F.);
#2098=ADVANCED_FACE('',(#224),#2017,.T.);
#2099=ADVANCED_FACE('',(#225),#134,.T.);
#2100=ADVANCED_FACE('',(#226),#2018,.T.);
#2101=ADVANCED_FACE('',(#227),#135,.F.);
#2102=ADVANCED_FACE('',(#228),#2019,.F.);
#2103=ADVANCED_FACE('',(#229,#90),#136,.T.);
#2104=ADVANCED_FACE('',(#230,#91,#92,#93),#137,.F.);
#2105=ADVANCED_FACE('',(#231),#2020,.F.);
#2106=ADVANCED_FACE('',(#232),#2021,.F.);
#2107=ADVANCED_FACE('',(#233),#138,.F.);
#2108=ADVANCED_FACE('',(#234,#94),#139,.F.);
#2109=ADVANCED_FACE('',(#235),#140,.T.);
#2110=ADVANCED_FACE('',(#236),#141,.T.);
#2111=ADVANCED_FACE('',(#237),#142,.T.);
#2112=ADVANCED_FACE('',(#238),#143,.T.);
#2113=ADVANCED_FACE('',(#239),#41,.T.);
#2114=ADVANCED_FACE('',(#240,#95),#2022,.T.);
#2115=ADVANCED_FACE('',(#241),#2023,.T.);
#2116=ADVANCED_FACE('',(#242),#144,.F.);
#2117=ADVANCED_FACE('',(#243),#2024,.T.);
#2118=ADVANCED_FACE('',(#244,#96),#145,.T.);
#2119=ADVANCED_FACE('',(#245),#2025,.T.);
#2120=ADVANCED_FACE('',(#246),#146,.T.);
#2121=ADVANCED_FACE('',(#247,#97),#147,.T.);
#2122=ADVANCED_FACE('',(#248),#148,.T.);
#2123=ADVANCED_FACE('',(#249),#2026,.F.);
#2124=ADVANCED_FACE('',(#250,#98),#149,.T.);
#2125=ADVANCED_FACE('',(#251),#2027,.F.);
#2126=ADVANCED_FACE('',(#252),#150,.F.);
#2127=ADVANCED_FACE('',(#253),#2028,.F.);
#2128=ADVANCED_FACE('',(#254),#151,.F.);
#2129=ADVANCED_FACE('',(#255),#2029,.F.);
#2130=ADVANCED_FACE('',(#256),#2030,.F.);
#2131=ADVANCED_FACE('',(#257),#152,.F.);
#2132=ADVANCED_FACE('',(#258),#2031,.T.);
#2133=ADVANCED_FACE('',(#259),#153,.T.);
#2134=ADVANCED_FACE('',(#260,#99),#154,.T.);
#2135=ADVANCED_FACE('',(#261),#2032,.T.);
#2136=ADVANCED_FACE('',(#262),#155,.T.);
#2137=ADVANCED_FACE('',(#263),#2033,.T.);
#2138=ADVANCED_FACE('',(#264),#156,.T.);
#2139=ADVANCED_FACE('',(#265),#2034,.T.);
#2140=ADVANCED_FACE('',(#266),#157,.T.);
#2141=ADVANCED_FACE('',(#267,#100),#2035,.F.);
#2142=ADVANCED_FACE('',(#268,#101),#158,.T.);
#2143=ADVANCED_FACE('',(#269),#159,.F.);
#2144=ADVANCED_FACE('',(#270),#2036,.F.);
#2145=ADVANCED_FACE('',(#271),#160,.T.);
#2146=ADVANCED_FACE('',(#272),#2037,.F.);
#2147=ADVANCED_FACE('',(#273),#161,.T.);
#2148=ADVANCED_FACE('',(#274),#2038,.F.);
#2149=ADVANCED_FACE('',(#275),#162,.T.);
#2150=ADVANCED_FACE('',(#276),#2039,.F.);
#2151=ADVANCED_FACE('',(#277),#163,.T.);
#2152=ADVANCED_FACE('',(#278),#2040,.T.);
#2153=ADVANCED_FACE('',(#279),#164,.T.);
#2154=ADVANCED_FACE('',(#280,#102),#165,.T.);
#2155=ADVANCED_FACE('',(#281),#2041,.T.);
#2156=ADVANCED_FACE('',(#282),#166,.T.);
#2157=ADVANCED_FACE('',(#283),#2042,.T.);
#2158=ADVANCED_FACE('',(#284),#167,.T.);
#2159=ADVANCED_FACE('',(#285),#2043,.T.);
#2160=ADVANCED_FACE('',(#286),#168,.T.);
#2161=ADVANCED_FACE('',(#287,#103,#104),#169,.T.);
#2162=ADVANCED_FACE('',(#288),#2044,.F.);
#2163=ADVANCED_FACE('',(#289,#105),#170,.T.);
#2164=CLOSED_SHELL('',(#2045,#2046,#2047,#2048,#2049,#2050,#2051,#2052,
#2053,#2054,#2055,#2056,#2057,#2058,#2059,#2060,#2061,#2062,#2063,#2064,
#2065,#2066,#2067,#2068));
#2165=CLOSED_SHELL('',(#2069,#2070,#2071,#2072,#2073,#2074,#2075,#2076,
#2077,#2078,#2079,#2080,#2081,#2082,#2083,#2084));
#2166=CLOSED_SHELL('',(#2090,#2091,#2092,#2093,#2094,#2095,#2096,#2097,
#2098));
#2167=CLOSED_SHELL('',(#2099,#2100,#2101));
#2168=CLOSED_SHELL('',(#2102,#2103,#2104,#2105,#2106,#2107,#2108,#2109,
#2110,#2111,#2112,#2113,#2114,#2115,#2116,#2117,#2118,#2119,#2120,#2121,
#2122,#2123,#2124,#2125,#2126,#2127,#2128,#2129,#2130,#2131,#2132,#2133,
#2134,#2135,#2136,#2137,#2138,#2139,#2140,#2141,#2142,#2143,#2144,#2145,
#2146,#2147,#2148,#2149,#2150,#2151,#2152,#2153,#2154,#2155,#2156,#2157,
#2158,#2159,#2160,#2161,#2162,#2163));
#2169=DERIVED_UNIT_ELEMENT(#2177,1.);
#2170=DERIVED_UNIT_ELEMENT(#3879,-3.);
#2171=DERIVED_UNIT_ELEMENT(#2177,1.);
#2172=DERIVED_UNIT_ELEMENT(#3879,-3.);
#2173=DERIVED_UNIT_ELEMENT(#2177,1.);
#2174=DERIVED_UNIT_ELEMENT(#3879,-3.);
#2175=DERIVED_UNIT_ELEMENT(#2177,1.);
#2176=DERIVED_UNIT_ELEMENT(#3879,-3.);
#2177=(
MASS_UNIT()
NAMED_UNIT(*)
SI_UNIT(.KILO.,.GRAM.)
);
#2178=DERIVED_UNIT((#2169,#2170));
#2179=DERIVED_UNIT((#2171,#2172));
#2180=DERIVED_UNIT((#2173,#2174));
#2181=DERIVED_UNIT((#2175,#2176));
#2182=MEASURE_REPRESENTATION_ITEM('density measure',
POSITIVE_RATIO_MEASURE(7850.),#2178);
#2183=MEASURE_REPRESENTATION_ITEM('density measure',
POSITIVE_RATIO_MEASURE(7850.),#2179);
#2184=MEASURE_REPRESENTATION_ITEM('density measure',
POSITIVE_RATIO_MEASURE(7850.),#2180);
#2185=MEASURE_REPRESENTATION_ITEM('density measure',
POSITIVE_RATIO_MEASURE(7850.),#2181);
#2186=PROPERTY_DEFINITION_REPRESENTATION(#2206,#2194);
#2187=PROPERTY_DEFINITION_REPRESENTATION(#2207,#2195);
#2188=PROPERTY_DEFINITION_REPRESENTATION(#2208,#2196);
#2189=PROPERTY_DEFINITION_REPRESENTATION(#2209,#2197);
#2190=PROPERTY_DEFINITION_REPRESENTATION(#2210,#2198);
#2191=PROPERTY_DEFINITION_REPRESENTATION(#2211,#2199);
#2192=PROPERTY_DEFINITION_REPRESENTATION(#2212,#2200);
#2193=PROPERTY_DEFINITION_REPRESENTATION(#2213,#2201);
#2194=REPRESENTATION('material name',(#2202),#3873);
#2195=REPRESENTATION('density',(#2182),#3873);
#2196=REPRESENTATION('material name',(#2203),#3874);
#2197=REPRESENTATION('density',(#2183),#3874);
#2198=REPRESENTATION('material name',(#2204),#3875);
#2199=REPRESENTATION('density',(#2184),#3875);
#2200=REPRESENTATION('material name',(#2205),#3876);
#2201=REPRESENTATION('density',(#2185),#3876);
#2202=DESCRIPTIVE_REPRESENTATION_ITEM('Steel','Steel');
#2203=DESCRIPTIVE_REPRESENTATION_ITEM('Steel','Steel');
#2204=DESCRIPTIVE_REPRESENTATION_ITEM('Steel','Steel');
#2205=DESCRIPTIVE_REPRESENTATION_ITEM('Steel','Steel');
#2206=PROPERTY_DEFINITION('material property','material name',#3904);
#2207=PROPERTY_DEFINITION('material property','density of part',#3904);
#2208=PROPERTY_DEFINITION('material property','material name',#3905);
#2209=PROPERTY_DEFINITION('material property','density of part',#3905);
#2210=PROPERTY_DEFINITION('material property','material name',#3906);
#2211=PROPERTY_DEFINITION('material property','density of part',#3906);
#2212=PROPERTY_DEFINITION('material property','material name',#3907);
#2213=PROPERTY_DEFINITION('material property','density of part',#3907);
#2214=AXIS2_PLACEMENT_3D('',#3080,#2441,#2442);
#2215=AXIS2_PLACEMENT_3D('',#3081,#2443,#2444);
#2216=AXIS2_PLACEMENT_3D('',#3082,#2445,#2446);
#2217=AXIS2_PLACEMENT_3D('',#3084,#2447,#2448);
#2218=AXIS2_PLACEMENT_3D('',#3087,#2450,#2451);
#2219=AXIS2_PLACEMENT_3D('',#3088,#2452,#2453);
#2220=AXIS2_PLACEMENT_3D('',#3090,#2454,#2455);
#2221=AXIS2_PLACEMENT_3D('',#3093,#2457,#2458);
#2222=AXIS2_PLACEMENT_3D('',#3094,#2459,#2460);
#2223=AXIS2_PLACEMENT_3D('',#3097,#2461,#2462);
#2224=AXIS2_PLACEMENT_3D('',#3101,#2464,#2465);
#2225=AXIS2_PLACEMENT_3D('',#3103,#2467,#2468);
#2226=AXIS2_PLACEMENT_3D('',#3125,#2480,#2481);
#2227=AXIS2_PLACEMENT_3D('',#3128,#2482,#2483);
#2228=AXIS2_PLACEMENT_3D('',#3132,#2485,#2486);
#2229=AXIS2_PLACEMENT_3D('',#3134,#2488,#2489);
#2230=AXIS2_PLACEMENT_3D('',#3156,#2501,#2502);
#2231=AXIS2_PLACEMENT_3D('',#3158,#2503,#2504);
#2232=AXIS2_PLACEMENT_3D('',#3161,#2506,#2507);
#2233=AXIS2_PLACEMENT_3D('',#3162,#2508,#2509);
#2234=AXIS2_PLACEMENT_3D('',#3168,#2513,#2514);
#2235=AXIS2_PLACEMENT_3D('',#3169,#2515,#2516);
#2236=AXIS2_PLACEMENT_3D('',#3170,#2517,#2518);
#2237=AXIS2_PLACEMENT_3D('',#3171,#2519,#2520);
#2238=AXIS2_PLACEMENT_3D('',#3172,#2521,#2522);
#2239=AXIS2_PLACEMENT_3D('',#3175,#2524,#2525);
#2240=AXIS2_PLACEMENT_3D('',#3176,#2526,#2527);
#2241=AXIS2_PLACEMENT_3D('',#3177,#2528,#2529);
#2242=AXIS2_PLACEMENT_3D('',#3178,#2530,#2531);
#2243=AXIS2_PLACEMENT_3D('',#3179,#2532,#2533);
#2244=AXIS2_PLACEMENT_3D('',#3180,#2534,#2535);
#2245=AXIS2_PLACEMENT_3D('',#3182,#2536,#2537);
#2246=AXIS2_PLACEMENT_3D('',#3184,#2538,#2539);
#2247=AXIS2_PLACEMENT_3D('',#3185,#2540,#2541);
#2248=AXIS2_PLACEMENT_3D('',#3186,#2542,#2543);
#2249=AXIS2_PLACEMENT_3D('',#3187,#2544,#2545);
#2250=AXIS2_PLACEMENT_3D('',#3188,#2546,#2547);
#2251=AXIS2_PLACEMENT_3D('',#3190,#2548,#2549);
#2252=AXIS2_PLACEMENT_3D('',#3192,#2550,#2551);
#2253=AXIS2_PLACEMENT_3D('',#3193,#2552,#2553);
#2254=AXIS2_PLACEMENT_3D('',#3194,#2554,#2555);
#2255=AXIS2_PLACEMENT_3D('',#3195,#2556,#2557);
#2256=AXIS2_PLACEMENT_3D('',#3196,#2558,#2559);
#2257=AXIS2_PLACEMENT_3D('',#3198,#2560,#2561);
#2258=AXIS2_PLACEMENT_3D('',#3199,#2562,#2563);
#2259=AXIS2_PLACEMENT_3D('',#3200,#2564,#2565);
#2260=AXIS2_PLACEMENT_3D('',#3202,#2567,#2568);
#2261=AXIS2_PLACEMENT_3D('',#3204,#2570,#2571);
#2262=AXIS2_PLACEMENT_3D('',#3206,#2572,#2573);
#2263=AXIS2_PLACEMENT_3D('',#3208,#2575,#2576);
#2264=AXIS2_PLACEMENT_3D('',#3210,#2578,#2579);
#2265=AXIS2_PLACEMENT_3D('',#3213,#2581,#2582);
#2266=AXIS2_PLACEMENT_3D('',#3214,#2583,#2584);
#2267=AXIS2_PLACEMENT_3D('',#3215,#2585,#2586);
#2268=AXIS2_PLACEMENT_3D('',#3216,#2587,#2588);
#2269=AXIS2_PLACEMENT_3D('',#3217,#2589,#2590);
#2270=AXIS2_PLACEMENT_3D('',#3226,#2595,#2596);
#2271=AXIS2_PLACEMENT_3D('',#3245,#2606,#2607);
#2272=AXIS2_PLACEMENT_3D('',#3251,#2611,#2612);
#2273=AXIS2_PLACEMENT_3D('',#3257,#2616,#2617);
#2274=AXIS2_PLACEMENT_3D('',#3263,#2621,#2622);
#2275=AXIS2_PLACEMENT_3D('',#3265,#2623,#2624);
#2276=AXIS2_PLACEMENT_3D('',#3305,#2626,#2627);
#2277=AXIS2_PLACEMENT_3D('',#3307,#2628,#2629);
#2278=AXIS2_PLACEMENT_3D('',#3311,#2632,#2633);
#2279=AXIS2_PLACEMENT_3D('',#3324,#2641,#2642);
#2280=AXIS2_PLACEMENT_3D('',#3325,#2643,#2644);
#2281=AXIS2_PLACEMENT_3D('',#3326,#2645,#2646);
#2282=AXIS2_PLACEMENT_3D('',#3329,#2649,#2650);
#2283=AXIS2_PLACEMENT_3D('',#3331,#2652,#2653);
#2284=AXIS2_PLACEMENT_3D('',#3333,#2655,#2656);
#2285=AXIS2_PLACEMENT_3D('',#3335,#2658,#2659);
#2286=AXIS2_PLACEMENT_3D('',#3336,#2660,#2661);
#2287=AXIS2_PLACEMENT_3D('',#3338,#2663,#2664);
#2288=AXIS2_PLACEMENT_3D('',#3339,#2665,#2666);
#2289=AXIS2_PLACEMENT_3D('',#3340,#2667,#2668);
#2290=AXIS2_PLACEMENT_3D('',#3344,#2670,#2671);
#2291=AXIS2_PLACEMENT_3D('',#3373,#2672,#2673);
#2292=AXIS2_PLACEMENT_3D('',#3374,#2674,#2675);
#2293=AXIS2_PLACEMENT_3D('',#3375,#2676,#2677);
#2294=AXIS2_PLACEMENT_3D('',#3378,#2679,#2680);
#2295=AXIS2_PLACEMENT_3D('',#3379,#2681,#2682);
#2296=AXIS2_PLACEMENT_3D('',#3381,#2683,#2684);
#2297=AXIS2_PLACEMENT_3D('',#3410,#2685,#2686);
#2298=AXIS2_PLACEMENT_3D('',#3411,#2687,#2688);
#2299=AXIS2_PLACEMENT_3D('',#3413,#2689,#2690);
#2300=AXIS2_PLACEMENT_3D('',#3416,#2692,#2693);
#2301=AXIS2_PLACEMENT_3D('',#3417,#2694,#2695);
#2302=AXIS2_PLACEMENT_3D('',#3419,#2696,#2697);
#2303=AXIS2_PLACEMENT_3D('',#3420,#2698,#2699);
#2304=AXIS2_PLACEMENT_3D('',#3422,#2700,#2701);
#2305=AXIS2_PLACEMENT_3D('',#3425,#2703,#2704);
#2306=AXIS2_PLACEMENT_3D('',#3426,#2705,#2706);
#2307=AXIS2_PLACEMENT_3D('',#3428,#2708,#2709);
#2308=AXIS2_PLACEMENT_3D('',#3430,#2710,#2711);
#2309=AXIS2_PLACEMENT_3D('',#3431,#2712,#2713);
#2310=AXIS2_PLACEMENT_3D('',#3434,#2715,#2716);
#2311=AXIS2_PLACEMENT_3D('',#3435,#2717,#2718);
#2312=AXIS2_PLACEMENT_3D('',#3437,#2719,#2720);
#2313=AXIS2_PLACEMENT_3D('',#3439,#2722,#2723);
#2314=AXIS2_PLACEMENT_3D('',#3441,#2724,#2725);
#2315=AXIS2_PLACEMENT_3D('',#3442,#2726,#2727);
#2316=AXIS2_PLACEMENT_3D('',#3444,#2729,#2730);
#2317=AXIS2_PLACEMENT_3D('',#3445,#2731,#2732);
#2318=AXIS2_PLACEMENT_3D('',#3447,#2733,#2734);
#2319=AXIS2_PLACEMENT_3D('',#3448,#2735,#2736);
#2320=AXIS2_PLACEMENT_3D('',#3451,#2738,#2739);
#2321=AXIS2_PLACEMENT_3D('',#3452,#2740,#2741);
#2322=AXIS2_PLACEMENT_3D('',#3453,#2742,#2743);
#2323=AXIS2_PLACEMENT_3D('',#3455,#2744,#2745);
#2324=AXIS2_PLACEMENT_3D('',#3458,#2747,#2748);
#2325=AXIS2_PLACEMENT_3D('',#3459,#2749,#2750);
#2326=AXIS2_PLACEMENT_3D('',#3468,#2755,#2756);
#2327=AXIS2_PLACEMENT_3D('',#3469,#2757,#2758);
#2328=AXIS2_PLACEMENT_3D('',#3471,#2759,#2760);
#2329=AXIS2_PLACEMENT_3D('',#3476,#2762,#2763);
#2330=AXIS2_PLACEMENT_3D('',#3480,#2765,#2766);
#2331=AXIS2_PLACEMENT_3D('',#3484,#2768,#2769);
#2332=AXIS2_PLACEMENT_3D('',#3487,#2771,#2772);
#2333=AXIS2_PLACEMENT_3D('',#3496,#2777,#2778);
#2334=AXIS2_PLACEMENT_3D('',#3497,#2779,#2780);
#2335=AXIS2_PLACEMENT_3D('',#3498,#2781,#2782);
#2336=AXIS2_PLACEMENT_3D('',#3580,#2784,#2785);
#2337=AXIS2_PLACEMENT_3D('',#3583,#2786,#2787);
#2338=AXIS2_PLACEMENT_3D('',#3585,#2789,#2790);
#2339=AXIS2_PLACEMENT_3D('',#3599,#2798,#2799);
#2340=AXIS2_PLACEMENT_3D('',#3607,#2802,#2803);
#2341=AXIS2_PLACEMENT_3D('',#3615,#2806,#2807);
#2342=AXIS2_PLACEMENT_3D('',#3626,#2811,#2812);
#2343=AXIS2_PLACEMENT_3D('',#3631,#2814,#2815);
#2344=AXIS2_PLACEMENT_3D('',#3632,#2816,#2817);
#2345=AXIS2_PLACEMENT_3D('',#3633,#2818,#2819);
#2346=AXIS2_PLACEMENT_3D('',#3634,#2820,#2821);
#2347=AXIS2_PLACEMENT_3D('',#3636,#2822,#2823);
#2348=AXIS2_PLACEMENT_3D('',#3639,#2825,#2826);
#2349=AXIS2_PLACEMENT_3D('',#3640,#2827,#2828);
#2350=AXIS2_PLACEMENT_3D('',#3641,#2829,#2830);
#2351=AXIS2_PLACEMENT_3D('',#3642,#2831,#2832);
#2352=AXIS2_PLACEMENT_3D('',#3643,#2833,#2834);
#2353=AXIS2_PLACEMENT_3D('',#3644,#2835,#2836);
#2354=AXIS2_PLACEMENT_3D('',#3645,#2837,#2838);
#2355=AXIS2_PLACEMENT_3D('',#3646,#2839,#2840);
#2356=AXIS2_PLACEMENT_3D('',#3649,#2841,#2842);
#2357=AXIS2_PLACEMENT_3D('',#3653,#2845,#2846);
#2358=AXIS2_PLACEMENT_3D('',#3654,#2847,#2848);
#2359=AXIS2_PLACEMENT_3D('',#3657,#2849,#2850);
#2360=AXIS2_PLACEMENT_3D('',#3660,#2853,#2854);
#2361=AXIS2_PLACEMENT_3D('',#3662,#2856,#2857);
#2362=AXIS2_PLACEMENT_3D('',#3665,#2859,#2860);
#2363=AXIS2_PLACEMENT_3D('',#3666,#2861,#2862);
#2364=AXIS2_PLACEMENT_3D('',#3667,#2863,#2864);
#2365=AXIS2_PLACEMENT_3D('',#3669,#2866,#2867);
#2366=AXIS2_PLACEMENT_3D('',#3670,#2868,#2869);
#2367=AXIS2_PLACEMENT_3D('',#3673,#2870,#2871);
#2368=AXIS2_PLACEMENT_3D('',#3676,#2874,#2875);
#2369=AXIS2_PLACEMENT_3D('',#3680,#2878,#2879);
#2370=AXIS2_PLACEMENT_3D('',#3682,#2880,#2881);
#2371=AXIS2_PLACEMENT_3D('',#3684,#2883,#2884);
#2372=AXIS2_PLACEMENT_3D('',#3688,#2887,#2888);
#2373=AXIS2_PLACEMENT_3D('',#3690,#2889,#2890);
#2374=AXIS2_PLACEMENT_3D('',#3692,#2892,#2893);
#2375=AXIS2_PLACEMENT_3D('',#3695,#2894,#2895);
#2376=AXIS2_PLACEMENT_3D('',#3698,#2898,#2899);
#2377=AXIS2_PLACEMENT_3D('',#3700,#2901,#2902);
#2378=AXIS2_PLACEMENT_3D('',#3703,#2903,#2904);
#2379=AXIS2_PLACEMENT_3D('',#3707,#2906,#2907);
#2380=AXIS2_PLACEMENT_3D('',#3709,#2909,#2910);
#2381=AXIS2_PLACEMENT_3D('',#3715,#2914,#2915);
#2382=AXIS2_PLACEMENT_3D('',#3719,#2917,#2918);
#2383=AXIS2_PLACEMENT_3D('',#3723,#2920,#2921);
#2384=AXIS2_PLACEMENT_3D('',#3726,#2923,#2924);
#2385=AXIS2_PLACEMENT_3D('',#3728,#2926,#2927);
#2386=AXIS2_PLACEMENT_3D('',#3731,#2929,#2930);
#2387=AXIS2_PLACEMENT_3D('',#3732,#2931,#2932);
#2388=AXIS2_PLACEMENT_3D('',#3736,#2935,#2936);
#2389=AXIS2_PLACEMENT_3D('',#3740,#2938,#2939);
#2390=AXIS2_PLACEMENT_3D('',#3742,#2941,#2942);
#2391=AXIS2_PLACEMENT_3D('',#3744,#2944,#2945);
#2392=AXIS2_PLACEMENT_3D('',#3747,#2947,#2948);
#2393=AXIS2_PLACEMENT_3D('',#3748,#2949,#2950);
#2394=AXIS2_PLACEMENT_3D('',#3750,#2952,#2953);
#2395=AXIS2_PLACEMENT_3D('',#3752,#2954,#2955);
#2396=AXIS2_PLACEMENT_3D('',#3755,#2957,#2958);
#2397=AXIS2_PLACEMENT_3D('',#3756,#2959,#2960);
#2398=AXIS2_PLACEMENT_3D('',#3757,#2961,#2962);
#2399=AXIS2_PLACEMENT_3D('',#3758,#2963,#2964);
#2400=AXIS2_PLACEMENT_3D('',#3761,#2965,#2966);
#2401=AXIS2_PLACEMENT_3D('',#3765,#2968,#2969);
#2402=AXIS2_PLACEMENT_3D('',#3767,#2971,#2972);
#2403=AXIS2_PLACEMENT_3D('',#3773,#2976,#2977);
#2404=AXIS2_PLACEMENT_3D('',#3776,#2978,#2979);
#2405=AXIS2_PLACEMENT_3D('',#3780,#2981,#2982);
#2406=AXIS2_PLACEMENT_3D('',#3782,#2984,#2985);
#2407=AXIS2_PLACEMENT_3D('',#3785,#2988,#2989);
#2408=AXIS2_PLACEMENT_3D('',#3788,#2990,#2991);
#2409=AXIS2_PLACEMENT_3D('',#3792,#2993,#2994);
#2410=AXIS2_PLACEMENT_3D('',#3794,#2996,#2997);
#2411=AXIS2_PLACEMENT_3D('',#3797,#3000,#3001);
#2412=AXIS2_PLACEMENT_3D('',#3799,#3002,#3003);
#2413=AXIS2_PLACEMENT_3D('',#3801,#3004,#3005);
#2414=AXIS2_PLACEMENT_3D('',#3803,#3007,#3008);
#2415=AXIS2_PLACEMENT_3D('',#3806,#3011,#3012);
#2416=AXIS2_PLACEMENT_3D('',#3809,#3013,#3014);
#2417=AXIS2_PLACEMENT_3D('',#3813,#3016,#3017);
#2418=AXIS2_PLACEMENT_3D('',#3815,#3019,#3020);
#2419=AXIS2_PLACEMENT_3D('',#3821,#3024,#3025);
#2420=AXIS2_PLACEMENT_3D('',#3825,#3027,#3028);
#2421=AXIS2_PLACEMENT_3D('',#3829,#3030,#3031);
#2422=AXIS2_PLACEMENT_3D('',#3832,#3033,#3034);
#2423=AXIS2_PLACEMENT_3D('',#3833,#3035,#3036);
#2424=AXIS2_PLACEMENT_3D('',#3836,#3038,#3039);
#2425=AXIS2_PLACEMENT_3D('',#3837,#3040,#3041);
#2426=AXIS2_PLACEMENT_3D('',#3841,#3044,#3045);
#2427=AXIS2_PLACEMENT_3D('',#3844,#3047,#3048);
#2428=AXIS2_PLACEMENT_3D('',#3845,#3049,#3050);
#2429=AXIS2_PLACEMENT_3D('',#3849,#3053,#3054);
#2430=AXIS2_PLACEMENT_3D('',#3852,#3056,#3057);
#2431=AXIS2_PLACEMENT_3D('',#3853,#3058,#3059);
#2432=AXIS2_PLACEMENT_3D('',#3855,#3061,#3062);
#2433=AXIS2_PLACEMENT_3D('',#3856,#3063,#3064);
#2434=AXIS2_PLACEMENT_3D('',#3858,#3065,#3066);
#2435=AXIS2_PLACEMENT_3D('',#3860,#3068,#3069);
#2436=AXIS2_PLACEMENT_3D('',#3861,#3070,#3071);
#2437=AXIS2_PLACEMENT_3D('',#3862,#3072,#3073);
#2438=AXIS2_PLACEMENT_3D('',#3863,#3074,#3075);
#2439=AXIS2_PLACEMENT_3D('',#3864,#3076,#3077);
#2440=AXIS2_PLACEMENT_3D('',#3865,#3078,#3079);
#2441=DIRECTION('axis',(0.,0.,1.));
#2442=DIRECTION('refdir',(1.,0.,0.));
#2443=DIRECTION('axis',(0.,0.,1.));
#2444=DIRECTION('refdir',(1.,0.,0.));
#2445=DIRECTION('center_axis',(-1.,0.,0.));
#2446=DIRECTION('ref_axis',(0.,1.,0.));
#2447=DIRECTION('center_axis',(-1.,0.,0.));
#2448=DIRECTION('ref_axis',(0.,1.,0.));
#2449=DIRECTION('',(-1.,0.,0.));
#2450=DIRECTION('center_axis',(1.,0.,0.));
#2451=DIRECTION('ref_axis',(0.,1.,0.));
#2452=DIRECTION('center_axis',(-1.,0.,0.));
#2453=DIRECTION('ref_axis',(0.,1.,0.));
#2454=DIRECTION('center_axis',(-1.,0.,0.));
#2455=DIRECTION('ref_axis',(0.,1.,0.));
#2456=DIRECTION('',(-1.,0.,0.));
#2457=DIRECTION('center_axis',(1.,0.,0.));
#2458=DIRECTION('ref_axis',(0.,1.,0.));
#2459=DIRECTION('center_axis',(-1.,0.,0.));
#2460=DIRECTION('ref_axis',(0.,-0.707106781186548,0.707106781186547));
#2461=DIRECTION('center_axis',(1.,0.,0.));
#2462=DIRECTION('ref_axis',(0.,-0.707106781186548,0.707106781186547));
#2463=DIRECTION('',(-1.,0.,0.));
#2464=DIRECTION('center_axis',(-1.,0.,0.));
#2465=DIRECTION('ref_axis',(0.,-0.707106781186548,0.707106781186547));
#2466=DIRECTION('',(1.,0.,0.));
#2467=DIRECTION('center_axis',(0.,0.,1.));
#2468=DIRECTION('ref_axis',(1.,0.,0.));
#2469=DIRECTION('',(0.,1.,0.));
#2470=DIRECTION('',(0.,-1.,0.));
#2471=DIRECTION('',(-1.,0.,0.));
#2472=DIRECTION('',(0.,1.,0.));
#2473=DIRECTION('',(1.,0.,0.));
#2474=DIRECTION('',(0.,-1.,0.));
#2475=DIRECTION('',(1.,0.,0.));
#2476=DIRECTION('',(0.,1.,0.));
#2477=DIRECTION('',(1.,0.,0.));
#2478=DIRECTION('',(0.,-1.,0.));
#2479=DIRECTION('',(-1.,0.,0.));
#2480=DIRECTION('center_axis',(1.,0.,0.));
#2481=DIRECTION('ref_axis',(0.,-0.707106781186548,-0.707106781186547));
#2482=DIRECTION('center_axis',(-1.,0.,0.));
#2483=DIRECTION('ref_axis',(0.,-0.707106781186548,-0.707106781186547));
#2484=DIRECTION('',(1.,0.,0.));
#2485=DIRECTION('center_axis',(1.,0.,0.));
#2486=DIRECTION('ref_axis',(0.,-0.707106781186548,-0.707106781186547));
#2487=DIRECTION('',(-1.,0.,0.));
#2488=DIRECTION('center_axis',(0.,0.,1.));
#2489=DIRECTION('ref_axis',(1.,0.,0.));
#2490=DIRECTION('',(0.,1.,0.));
#2491=DIRECTION('',(0.,1.,0.));
#2492=DIRECTION('',(1.,0.,0.));
#2493=DIRECTION('',(0.,-1.,0.));
#2494=DIRECTION('',(-1.,0.,0.));
#2495=DIRECTION('',(0.,-1.,0.));
#2496=DIRECTION('',(-1.,0.,0.));
#2497=DIRECTION('',(0.,1.,0.));
#2498=DIRECTION('',(-1.,0.,0.));
#2499=DIRECTION('',(0.,-1.,0.));
#2500=DIRECTION('',(1.,0.,0.));
#2501=DIRECTION('center_axis',(-1.,0.,0.));
#2502=DIRECTION('ref_axis',(0.,0.707106781186547,0.707106781186548));
#2503=DIRECTION('center_axis',(1.,0.,0.));
#2504=DIRECTION('ref_axis',(0.,0.707106781186547,0.707106781186548));
#2505=DIRECTION('',(-1.,0.,0.));
#2506=DIRECTION('center_axis',(-1.,0.,0.));
#2507=DIRECTION('ref_axis',(0.,0.707106781186547,0.707106781186548));
#2508=DIRECTION('center_axis',(0.,-1.,0.));
#2509=DIRECTION('ref_axis',(0.,0.,-1.));
#2510=DIRECTION('',(0.,0.,1.));
#2511=DIRECTION('',(1.,0.,0.));
#2512=DIRECTION('',(0.,0.,-1.));
#2513=DIRECTION('center_axis',(1.,0.,0.));
#2514=DIRECTION('ref_axis',(0.,0.707106781186547,-0.707106781186548));
#2515=DIRECTION('center_axis',(-1.,0.,0.));
#2516=DIRECTION('ref_axis',(0.,0.707106781186547,-0.707106781186548));
#2517=DIRECTION('center_axis',(1.,0.,0.));
#2518=DIRECTION('ref_axis',(0.,0.707106781186547,-0.707106781186548));
#2519=DIRECTION('center_axis',(1.,0.,0.));
#2520=DIRECTION('ref_axis',(0.,1.,0.));
#2521=DIRECTION('center_axis',(-1.,0.,0.));
#2522=DIRECTION('ref_axis',(0.,-0.707106781186547,0.707106781186547));
#2523=DIRECTION('',(0.,0.,1.));
#2524=DIRECTION('center_axis',(-1.,0.,0.));
#2525=DIRECTION('ref_axis',(0.,1.,0.));
#2526=DIRECTION('center_axis',(1.,0.,0.));
#2527=DIRECTION('ref_axis',(0.,-0.707106781186547,-0.707106781186547));
#2528=DIRECTION('center_axis',(1.,0.,0.));
#2529=DIRECTION('ref_axis',(0.,-0.707106781186547,0.707106781186547));
#2530=DIRECTION('center_axis',(1.,0.,0.));
#2531=DIRECTION('ref_axis',(0.,1.,0.));
#2532=DIRECTION('center_axis',(-1.,0.,0.));
#2533=DIRECTION('ref_axis',(0.,-0.707106781186547,0.707106781186547));
#2534=DIRECTION('center_axis',(-1.,0.,0.));
#2535=DIRECTION('ref_axis',(0.,0.707106781186547,0.707106781186547));
#2536=DIRECTION('center_axis',(-1.,0.,0.));
#2537=DIRECTION('ref_axis',(0.,1.,0.));
#2538=DIRECTION('center_axis',(-1.,0.,0.));
#2539=DIRECTION('ref_axis',(0.,1.,0.));
#2540=DIRECTION('center_axis',(-1.,0.,0.));
#2541=DIRECTION('ref_axis',(0.,-0.707106781186547,-0.707106781186547));
#2542=DIRECTION('center_axis',(1.,0.,0.));
#2543=DIRECTION('ref_axis',(0.,-0.707106781186547,0.707106781186547));
#2544=DIRECTION('center_axis',(-1.,0.,0.));
#2545=DIRECTION('ref_axis',(0.,-1.,0.));
#2546=DIRECTION('center_axis',(1.,0.,0.));
#2547=DIRECTION('ref_axis',(0.,0.707106781186547,0.707106781186547));
#2548=DIRECTION('center_axis',(1.,0.,0.));
#2549=DIRECTION('ref_axis',(0.,1.,0.));
#2550=DIRECTION('center_axis',(1.,0.,0.));
#2551=DIRECTION('ref_axis',(0.,1.,0.));
#2552=DIRECTION('center_axis',(-1.,0.,0.));
#2553=DIRECTION('ref_axis',(0.,0.707106781186547,-0.707106781186547));
#2554=DIRECTION('center_axis',(-1.,0.,0.));
#2555=DIRECTION('ref_axis',(0.,0.707106781186547,0.707106781186547));
#2556=DIRECTION('center_axis',(-1.,0.,0.));
#2557=DIRECTION('ref_axis',(0.,-1.,0.));
#2558=DIRECTION('center_axis',(1.,0.,0.));
#2559=DIRECTION('ref_axis',(0.,0.707106781186547,0.707106781186547));
#2560=DIRECTION('center_axis',(1.,0.,0.));
#2561=DIRECTION('ref_axis',(0.,1.,0.));
#2562=DIRECTION('center_axis',(1.,0.,0.));
#2563=DIRECTION('ref_axis',(0.,0.707106781186547,-0.707106781186547));
#2564=DIRECTION('center_axis',(0.,-1.,0.));
#2565=DIRECTION('ref_axis',(0.,0.,-1.));
#2566=DIRECTION('',(0.,0.,-1.));
#2567=DIRECTION('center_axis',(-1.,0.,0.));
#2568=DIRECTION('ref_axis',(0.,1.,0.));
#2569=DIRECTION('',(-1.,0.,0.));
#2570=DIRECTION('center_axis',(-1.,0.,0.));
#2571=DIRECTION('ref_axis',(0.,1.,0.));
#2572=DIRECTION('center_axis',(-1.,0.,0.));
#2573=DIRECTION('ref_axis',(0.,1.,0.));
#2574=DIRECTION('',(-1.,0.,0.));
#2575=DIRECTION('center_axis',(-1.,0.,0.));
#2576=DIRECTION('ref_axis',(0.,1.,0.));
#2577=DIRECTION('',(-1.,0.,0.));
#2578=DIRECTION('center_axis',(-1.,0.,0.));
#2579=DIRECTION('ref_axis',(0.,1.,0.));
#2580=DIRECTION('',(-1.,0.,0.));
#2581=DIRECTION('center_axis',(1.,0.,0.));
#2582=DIRECTION('ref_axis',(0.,1.,0.));
#2583=DIRECTION('center_axis',(-1.,0.,0.));
#2584=DIRECTION('ref_axis',(0.,-1.,0.));
#2585=DIRECTION('center_axis',(1.,0.,0.));
#2586=DIRECTION('ref_axis',(0.,1.,0.));
#2587=DIRECTION('axis',(0.,0.,1.));
#2588=DIRECTION('refdir',(1.,0.,0.));
#2589=DIRECTION('center_axis',(-1.,0.,0.));
#2590=DIRECTION('ref_axis',(0.,0.,-1.));
#2591=DIRECTION('',(0.,0.,1.));
#2592=DIRECTION('',(0.,1.,0.));
#2593=DIRECTION('',(0.,0.,-1.));
#2594=DIRECTION('',(0.,-0.707106781186548,-0.707106781186547));
#2595=DIRECTION('center_axis',(1.,0.,1.31509059407486E-13));
#2596=DIRECTION('ref_axis',(1.31509059407486E-13,0.,-1.));
#2597=DIRECTION('',(-1.31509059407486E-13,0.,1.));
#2598=DIRECTION('',(0.,1.,0.));
#2599=DIRECTION('',(-1.31509059407486E-13,-3.55910185187241E-14,1.));
#2600=DIRECTION('',(-4.67214034243161E-27,1.,3.5527136788005E-14));
#2601=DIRECTION('',(0.,0.,-1.));
#2602=DIRECTION('',(0.,-1.,0.));
#2603=DIRECTION('',(-1.31509059407486E-13,0.,1.));
#2604=DIRECTION('',(0.,1.,0.));
#2605=DIRECTION('',(9.29909476944975E-14,-0.707106781186548,-0.707106781186547));
#2606=DIRECTION('center_axis',(0.,-1.,0.));
#2607=DIRECTION('ref_axis',(0.,0.,-1.));
#2608=DIRECTION('',(1.25685625429263E-16,0.,-1.));
#2609=DIRECTION('',(-1.,0.,0.));
#2610=DIRECTION('',(1.,0.,0.));
#2611=DIRECTION('center_axis',(0.,-1.,0.));
#2612=DIRECTION('ref_axis',(0.,0.,-1.));
#2613=DIRECTION('',(0.,0.,-1.));
#2614=DIRECTION('',(-1.,0.,0.));
#2615=DIRECTION('',(1.,0.,0.));
#2616=DIRECTION('center_axis',(1.,0.,0.));
#2617=DIRECTION('ref_axis',(0.,0.,1.));
#2618=DIRECTION('',(0.,0.707106781186548,0.707106781186547));
#2619=DIRECTION('',(0.,0.,1.));
#2620=DIRECTION('',(0.,-1.,0.));
#2621=DIRECTION('center_axis',(0.,1.,0.));
#2622=DIRECTION('ref_axis',(1.,0.,0.));
#2623=DIRECTION('center_axis',(0.,1.,0.));
#2624=DIRECTION('ref_axis',(1.,0.,0.));
#2625=DIRECTION('',(0.,1.,0.));
#2626=DIRECTION('center_axis',(0.,0.,1.));
#2627=DIRECTION('ref_axis',(1.,0.,0.));
#2628=DIRECTION('center_axis',(0.,0.,1.));
#2629=DIRECTION('ref_axis',(1.,0.,0.));
#2630=DIRECTION('',(0.,1.,0.));
#2631=DIRECTION('',(-1.,0.,0.));
#2632=DIRECTION('center_axis',(-1.,0.,-1.25685625429263E-16));
#2633=DIRECTION('ref_axis',(-1.25685625429263E-16,0.,1.));
#2634=DIRECTION('',(-8.88731580387042E-17,0.707106781186548,0.707106781186547));
#2635=DIRECTION('',(0.,-1.,0.));
#2636=DIRECTION('',(1.25685625429263E-16,0.,-1.));
#2637=DIRECTION('',(0.,0.,1.));
#2638=DIRECTION('',(4.46525040691138E-30,-1.,-3.5527136788005E-14));
#2639=DIRECTION('',(1.25685625429263E-16,3.55910185187241E-14,-1.));
#2640=DIRECTION('',(0.,-1.,0.));
#2641=DIRECTION('center_axis',(0.,0.,-1.));
#2642=DIRECTION('ref_axis',(1.,0.,0.));
#2643=DIRECTION('center_axis',(0.,-3.5527136788005E-14,1.));
#2644=DIRECTION('ref_axis',(1.,0.,0.));
#2645=DIRECTION('center_axis',(0.,0.707106781186547,-0.707106781186548));
#2646=DIRECTION('ref_axis',(-1.,0.,0.));
#2647=DIRECTION('',(1.,0.,0.));
#2648=DIRECTION('',(-1.,0.,0.));
#2649=DIRECTION('center_axis',(0.,0.,1.));
#2650=DIRECTION('ref_axis',(1.,0.,0.));
#2651=DIRECTION('',(1.,0.,0.));
#2652=DIRECTION('center_axis',(0.,-1.,0.));
#2653=DIRECTION('ref_axis',(0.,0.,-1.));
#2654=DIRECTION('',(-1.,0.,0.));
#2655=DIRECTION('center_axis',(0.,0.,1.));
#2656=DIRECTION('ref_axis',(1.,0.,0.));
#2657=DIRECTION('',(-1.,0.,0.));
#2658=DIRECTION('center_axis',(0.,-1.,0.));
#2659=DIRECTION('ref_axis',(0.,0.,-1.));
#2660=DIRECTION('center_axis',(0.,-3.5527136788005E-14,1.));
#2661=DIRECTION('ref_axis',(0.,1.,3.5527136788005E-14));
#2662=DIRECTION('',(-1.,0.,0.));
#2663=DIRECTION('center_axis',(0.,-1.,-3.55910185187241E-14));
#2664=DIRECTION('ref_axis',(0.,-3.55910185187241E-14,1.));
#2665=DIRECTION('axis',(0.,0.,1.));
#2666=DIRECTION('refdir',(1.,0.,0.));
#2667=DIRECTION('center_axis',(0.,0.,-1.));
#2668=DIRECTION('ref_axis',(1.,0.,0.));
#2669=DIRECTION('',(-0.655022818528678,-8.02171598079623E-17,-0.75560909682636));
#2670=DIRECTION('center_axis',(0.,0.,1.));
#2671=DIRECTION('ref_axis',(1.,0.,0.));
#2672=DIRECTION('center_axis',(1.22464679914735E-16,-1.,0.));
#2673=DIRECTION('ref_axis',(-1.,-1.22464679914735E-16,0.));
#2674=DIRECTION('center_axis',(0.,0.,1.));
#2675=DIRECTION('ref_axis',(1.,0.,0.));
#2676=DIRECTION('center_axis',(0.,0.,-1.));
#2677=DIRECTION('ref_axis',(1.,0.,0.));
#2678=DIRECTION('',(-0.0133265750966645,-1.6320347535727E-18,-0.999911197255133));
#2679=DIRECTION('center_axis',(0.,0.,1.));
#2680=DIRECTION('ref_axis',(1.,0.,0.));
#2681=DIRECTION('center_axis',(0.,0.,-1.));
#2682=DIRECTION('ref_axis',(-1.,0.,0.));
#2683=DIRECTION('center_axis',(0.,0.,1.));
#2684=DIRECTION('ref_axis',(1.,0.,0.));
#2685=DIRECTION('center_axis',(1.22464679914735E-16,-1.,0.));
#2686=DIRECTION('ref_axis',(-1.,-1.22464679914735E-16,0.));
#2687=DIRECTION('center_axis',(0.,0.,1.));
#2688=DIRECTION('ref_axis',(1.,0.,0.));
#2689=DIRECTION('center_axis',(0.,0.,-1.));
#2690=DIRECTION('ref_axis',(1.,0.,0.));
#2691=DIRECTION('',(0.,0.,1.));
#2692=DIRECTION('center_axis',(0.,0.,-1.));
#2693=DIRECTION('ref_axis',(1.,0.,0.));
#2694=DIRECTION('center_axis',(0.,0.,-1.));
#2695=DIRECTION('ref_axis',(1.,0.,0.));
#2696=DIRECTION('center_axis',(0.,0.,1.));
#2697=DIRECTION('ref_axis',(1.,0.,0.));
#2698=DIRECTION('center_axis',(0.,0.,1.));
#2699=DIRECTION('ref_axis',(1.,0.,0.));
#2700=DIRECTION('center_axis',(0.,0.,1.));
#2701=DIRECTION('ref_axis',(1.,0.,0.));
#2702=DIRECTION('',(0.707106781186548,8.65956056235494E-17,-0.707106781186547));
#2703=DIRECTION('center_axis',(0.,0.,-1.));
#2704=DIRECTION('ref_axis',(1.,0.,0.));
#2705=DIRECTION('center_axis',(0.,0.,1.));
#2706=DIRECTION('ref_axis',(1.,0.,0.));
#2707=DIRECTION('',(0.,0.,-1.));
#2708=DIRECTION('center_axis',(0.,0.,-1.));
#2709=DIRECTION('ref_axis',(1.,0.,0.));
#2710=DIRECTION('center_axis',(0.,0.,1.));
#2711=DIRECTION('ref_axis',(1.,0.,0.));
#2712=DIRECTION('center_axis',(0.,0.,1.));
#2713=DIRECTION('ref_axis',(1.,0.,0.));
#2714=DIRECTION('',(0.,0.,-1.));
#2715=DIRECTION('center_axis',(0.,0.,-1.));
#2716=DIRECTION('ref_axis',(1.,0.,0.));
#2717=DIRECTION('center_axis',(0.,0.,1.));
#2718=DIRECTION('ref_axis',(1.,0.,0.));
#2719=DIRECTION('center_axis',(0.,0.,1.));
#2720=DIRECTION('ref_axis',(1.,0.,0.));
#2721=DIRECTION('',(0.707106781186548,8.65956056235494E-17,-0.707106781186547));
#2722=DIRECTION('center_axis',(0.,0.,-1.));
#2723=DIRECTION('ref_axis',(1.,0.,0.));
#2724=DIRECTION('center_axis',(0.,0.,1.));
#2725=DIRECTION('ref_axis',(1.,0.,0.));
#2726=DIRECTION('center_axis',(0.,0.,1.));
#2727=DIRECTION('ref_axis',(1.,0.,0.));
#2728=DIRECTION('',(0.,0.,-1.));
#2729=DIRECTION('axis',(0.,0.,1.));
#2730=DIRECTION('refdir',(1.,0.,0.));
#2731=DIRECTION('center_axis',(0.,0.,1.));
#2732=DIRECTION('ref_axis',(1.,0.,0.));
#2733=DIRECTION('center_axis',(0.,0.,-1.));
#2734=DIRECTION('ref_axis',(1.,0.,0.));
#2735=DIRECTION('center_axis',(0.,0.,1.));
#2736=DIRECTION('ref_axis',(1.,0.,0.));
#2737=DIRECTION('',(0.,0.,-1.));
#2738=DIRECTION('center_axis',(0.,0.,1.));
#2739=DIRECTION('ref_axis',(1.,0.,0.));
#2740=DIRECTION('center_axis',(0.,0.,1.));
#2741=DIRECTION('ref_axis',(1.,0.,0.));
#2742=DIRECTION('center_axis',(-1.,0.,0.));
#2743=DIRECTION('ref_axis',(0.,1.,0.));
#2744=DIRECTION('center_axis',(-1.,0.,0.));
#2745=DIRECTION('ref_axis',(0.,1.,0.));
#2746=DIRECTION('',(-1.,0.,0.));
#2747=DIRECTION('center_axis',(1.,0.,-2.04759151847591E-8));
#2748=DIRECTION('ref_axis',(-2.04759151847591E-8,0.,-1.));
#2749=DIRECTION('center_axis',(1.,0.,0.));
#2750=DIRECTION('ref_axis',(0.,1.,0.));
#2751=DIRECTION('',(0.,-1.,0.));
#2752=DIRECTION('',(0.,0.,-1.));
#2753=DIRECTION('',(0.,1.,0.));
#2754=DIRECTION('',(0.,0.,1.));
#2755=DIRECTION('center_axis',(0.,0.,1.));
#2756=DIRECTION('ref_axis',(1.,0.,0.));
#2757=DIRECTION('center_axis',(0.,0.,1.));
#2758=DIRECTION('ref_axis',(1.,0.,0.));
#2759=DIRECTION('center_axis',(0.,0.,1.));
#2760=DIRECTION('ref_axis',(-1.,0.,0.));
#2761=DIRECTION('',(0.,-1.,0.));
#2762=DIRECTION('center_axis',(0.,0.,-1.));
#2763=DIRECTION('ref_axis',(-0.707106781186549,-0.707106781186546,0.));
#2764=DIRECTION('',(1.,0.,0.));
#2765=DIRECTION('center_axis',(0.,0.,-1.));
#2766=DIRECTION('ref_axis',(0.707106781186548,-0.707106781186548,0.));
#2767=DIRECTION('',(0.,1.,0.));
#2768=DIRECTION('center_axis',(0.,0.,-1.));
#2769=DIRECTION('ref_axis',(0.707106781186548,0.707106781186548,0.));
#2770=DIRECTION('',(-1.,0.,0.));
#2771=DIRECTION('center_axis',(0.,0.,-1.));
#2772=DIRECTION('ref_axis',(-0.707106781186546,0.707106781186549,0.));
#2773=DIRECTION('',(0.,1.,0.));
#2774=DIRECTION('',(-1.,-2.22044604925031E-16,0.));
#2775=DIRECTION('',(0.,-1.,0.));
#2776=DIRECTION('',(1.,0.,0.));
#2777=DIRECTION('center_axis',(0.,0.,1.));
#2778=DIRECTION('ref_axis',(1.,0.,0.));
#2779=DIRECTION('center_axis',(0.,0.,-1.));
#2780=DIRECTION('ref_axis',(1.,0.,0.));
#2781=DIRECTION('center_axis',(1.,0.,0.));
#2782=DIRECTION('ref_axis',(0.,1.,0.));
#2783=DIRECTION('',(1.,0.,0.));
#2784=DIRECTION('center_axis',(2.04759154076584E-8,0.,1.));
#2785=DIRECTION('ref_axis',(1.,0.,-2.04759154076584E-8));
#2786=DIRECTION('center_axis',(-2.04759154076584E-8,0.,-1.));
#2787=DIRECTION('ref_axis',(-1.,0.,2.04759154076584E-8));
#2788=DIRECTION('',(0.,1.,0.));
#2789=DIRECTION('center_axis',(1.,0.,-2.04759151847591E-8));
#2790=DIRECTION('ref_axis',(-2.04759151847591E-8,0.,-1.));
#2791=DIRECTION('',(0.,0.,1.));
#2792=DIRECTION('',(2.04759151847591E-8,0.,1.));
#2793=DIRECTION('',(0.,0.,1.));
#2794=DIRECTION('',(0.,1.,0.));
#2795=DIRECTION('',(0.,0.,-1.));
#2796=DIRECTION('',(-2.04759151847591E-8,0.,-1.));
#2797=DIRECTION('',(0.,0.,-1.));
#2798=DIRECTION('center_axis',(0.,-1.,0.));
#2799=DIRECTION('ref_axis',(0.,0.,-1.));
#2800=DIRECTION('',(0.,0.,-1.));
#2801=DIRECTION('',(1.,0.,0.));
#2802=DIRECTION('center_axis',(1.,0.,0.));
#2803=DIRECTION('ref_axis',(0.,0.,-1.));
#2804=DIRECTION('',(0.,0.,-1.));
#2805=DIRECTION('',(0.,1.,0.));
#2806=DIRECTION('center_axis',(1.,0.,0.));
#2807=DIRECTION('ref_axis',(0.,0.,-1.));
#2808=DIRECTION('',(0.,0.,1.));
#2809=DIRECTION('',(0.,1.,0.));
#2810=DIRECTION('',(0.,0.,1.));
#2811=DIRECTION('center_axis',(0.,1.,0.));
#2812=DIRECTION('ref_axis',(0.,0.,1.));
#2813=DIRECTION('',(-1.,0.,0.));
#2814=DIRECTION('center_axis',(0.,0.,-1.));
#2815=DIRECTION('ref_axis',(1.,0.,0.));
#2816=DIRECTION('center_axis',(0.,0.,-1.));
#2817=DIRECTION('ref_axis',(1.,0.,0.));
#2818=DIRECTION('center_axis',(0.,0.,-1.));
#2819=DIRECTION('ref_axis',(1.,0.,0.));
#2820=DIRECTION('center_axis',(0.,0.,1.));
#2821=DIRECTION('ref_axis',(-1.,0.,0.));
#2822=DIRECTION('center_axis',(0.,0.,1.));
#2823=DIRECTION('ref_axis',(-1.,0.,0.));
#2824=DIRECTION('',(0.,0.,-1.));
#2825=DIRECTION('center_axis',(0.,0.,-1.));
#2826=DIRECTION('ref_axis',(-1.,0.,0.));
#2827=DIRECTION('center_axis',(0.,0.,-1.));
#2828=DIRECTION('ref_axis',(-1.,0.,0.));
#2829=DIRECTION('center_axis',(0.,0.,-1.));
#2830=DIRECTION('ref_axis',(1.,0.,0.));
#2831=DIRECTION('center_axis',(0.,0.,1.));
#2832=DIRECTION('ref_axis',(1.,0.,0.));
#2833=DIRECTION('center_axis',(0.,0.,1.));
#2834=DIRECTION('ref_axis',(1.,0.,0.));
#2835=DIRECTION('center_axis',(0.,0.,-1.));
#2836=DIRECTION('ref_axis',(1.,0.,0.));
#2837=DIRECTION('center_axis',(0.,0.,1.));
#2838=DIRECTION('ref_axis',(1.,0.,0.));
#2839=DIRECTION('center_axis',(0.,-1.,0.));
#2840=DIRECTION('ref_axis',(-1.,0.,0.));
#2841=DIRECTION('center_axis',(0.,1.,0.));
#2842=DIRECTION('ref_axis',(0.707106781186547,0.,-0.707106781186547));
#2843=DIRECTION('',(0.,0.,-1.));
#2844=DIRECTION('',(0.,0.,-1.));
#2845=DIRECTION('center_axis',(0.,1.,0.));
#2846=DIRECTION('ref_axis',(1.,0.,0.));
#2847=DIRECTION('center_axis',(0.,1.,0.));
#2848=DIRECTION('ref_axis',(0.707106781186547,0.,-0.707106781186547));
#2849=DIRECTION('center_axis',(2.22044604925031E-16,-1.,0.));
#2850=DIRECTION('ref_axis',(-0.707106781186547,0.,-0.707106781186547));
#2851=DIRECTION('',(0.,-1.,0.));
#2852=DIRECTION('',(0.,1.,0.));
#2853=DIRECTION('center_axis',(1.,0.,0.));
#2854=DIRECTION('ref_axis',(0.,-1.,0.));
#2855=DIRECTION('',(0.,0.,-1.));
#2856=DIRECTION('center_axis',(-2.22044604925031E-16,1.,0.));
#2857=DIRECTION('ref_axis',(1.,2.22044604925031E-16,0.));
#2858=DIRECTION('',(0.,0.,-1.));
#2859=DIRECTION('center_axis',(2.22044604925031E-16,-1.,0.));
#2860=DIRECTION('ref_axis',(1.,0.,0.));
#2861=DIRECTION('center_axis',(-1.,0.,0.));
#2862=DIRECTION('ref_axis',(0.,1.,0.));
#2863=DIRECTION('center_axis',(0.,1.,0.));
#2864=DIRECTION('ref_axis',(1.,0.,0.));
#2865=DIRECTION('',(0.,1.,0.));
#2866=DIRECTION('center_axis',(0.,0.,-1.));
#2867=DIRECTION('ref_axis',(1.,0.,0.));
#2868=DIRECTION('center_axis',(0.,0.,-1.));
#2869=DIRECTION('ref_axis',(0.707106781186548,-0.707106781186548,0.));
#2870=DIRECTION('center_axis',(0.,0.,1.));
#2871=DIRECTION('ref_axis',(0.707106781186548,-0.707106781186548,0.));
#2872=DIRECTION('',(0.,0.,-1.));
#2873=DIRECTION('',(0.,0.,1.));
#2874=DIRECTION('center_axis',(1.,0.,0.));
#2875=DIRECTION('ref_axis',(0.,-1.,0.));
#2876=DIRECTION('',(0.,-1.,0.));
#2877=DIRECTION('',(0.,0.,1.));
#2878=DIRECTION('center_axis',(0.,0.,-1.));
#2879=DIRECTION('ref_axis',(0.707106781186548,0.707106781186548,0.));
#2880=DIRECTION('center_axis',(0.,0.,1.));
#2881=DIRECTION('ref_axis',(0.707106781186548,0.707106781186548,0.));
#2882=DIRECTION('',(0.,0.,-1.));
#2883=DIRECTION('center_axis',(0.,1.,0.));
#2884=DIRECTION('ref_axis',(1.,0.,0.));
#2885=DIRECTION('',(1.,0.,0.));
#2886=DIRECTION('',(0.,0.,1.));
#2887=DIRECTION('center_axis',(0.,0.,1.));
#2888=DIRECTION('ref_axis',(-0.707106781186546,0.707106781186549,0.));
#2889=DIRECTION('center_axis',(0.,0.,1.));
#2890=DIRECTION('ref_axis',(-0.707106781186546,0.707106781186549,0.));
#2891=DIRECTION('',(0.,0.,-1.));
#2892=DIRECTION('center_axis',(0.,0.,-1.));
#2893=DIRECTION('ref_axis',(-0.707106781186549,-0.707106781186546,0.));
#2894=DIRECTION('center_axis',(0.,0.,1.));
#2895=DIRECTION('ref_axis',(-0.707106781186549,-0.707106781186546,0.));
#2896=DIRECTION('',(0.,0.,-1.));
#2897=DIRECTION('',(0.,0.,1.));
#2898=DIRECTION('center_axis',(0.,-1.,0.));
#2899=DIRECTION('ref_axis',(-1.,0.,0.));
#2900=DIRECTION('',(-1.,0.,0.));
#2901=DIRECTION('center_axis',(0.,0.,1.));
#2902=DIRECTION('ref_axis',(-0.707106781186548,0.707106781186548,0.));
#2903=DIRECTION('center_axis',(0.,0.,-1.));
#2904=DIRECTION('ref_axis',(-0.707106781186548,0.707106781186548,0.));
#2905=DIRECTION('',(0.,0.,-1.));
#2906=DIRECTION('center_axis',(0.,0.,-1.));
#2907=DIRECTION('ref_axis',(-0.707106781186548,0.707106781186548,0.));
#2908=DIRECTION('',(0.,0.,1.));
#2909=DIRECTION('center_axis',(0.,1.,0.));
#2910=DIRECTION('ref_axis',(-1.,0.,0.));
#2911=DIRECTION('',(-1.,0.,0.));
#2912=DIRECTION('',(0.,0.,1.));
#2913=DIRECTION('',(1.,0.,0.));
#2914=DIRECTION('center_axis',(0.,0.,1.));
#2915=DIRECTION('ref_axis',(1.,0.,0.));
#2916=DIRECTION('',(0.,-1.,0.));
#2917=DIRECTION('center_axis',(0.,0.,-1.));
#2918=DIRECTION('ref_axis',(-0.707106781186548,-0.707106781186547,0.));
#2919=DIRECTION('',(1.,0.,0.));
#2920=DIRECTION('center_axis',(0.,0.,-1.));
#2921=DIRECTION('ref_axis',(0.707106781186547,-0.707106781186548,0.));
#2922=DIRECTION('',(0.,1.,0.));
#2923=DIRECTION('center_axis',(0.,0.,-1.));
#2924=DIRECTION('ref_axis',(0.707106781186548,0.707106781186547,0.));
#2925=DIRECTION('',(0.,1.,0.));
#2926=DIRECTION('center_axis',(0.,0.,1.));
#2927=DIRECTION('ref_axis',(0.707106781186548,0.707106781186547,0.));
#2928=DIRECTION('',(0.,0.,-1.));
#2929=DIRECTION('center_axis',(0.,0.,-1.));
#2930=DIRECTION('ref_axis',(0.707106781186548,0.707106781186547,0.));
#2931=DIRECTION('center_axis',(1.,0.,0.));
#2932=DIRECTION('ref_axis',(0.,1.,0.));
#2933=DIRECTION('',(0.,0.,1.));
#2934=DIRECTION('',(0.,-1.,0.));
#2935=DIRECTION('center_axis',(0.,0.,1.));
#2936=DIRECTION('ref_axis',(-0.707106781186548,-0.707106781186547,0.));
#2937=DIRECTION('',(0.,0.,-1.));
#2938=DIRECTION('center_axis',(0.,0.,-1.));
#2939=DIRECTION('ref_axis',(-0.707106781186548,-0.707106781186547,0.));
#2940=DIRECTION('',(0.,0.,1.));
#2941=DIRECTION('center_axis',(-1.,0.,0.));
#2942=DIRECTION('ref_axis',(0.,-1.,0.));
#2943=DIRECTION('',(0.,1.,0.));
#2944=DIRECTION('center_axis',(0.,0.,1.));
#2945=DIRECTION('ref_axis',(0.707106781186547,-0.707106781186548,0.));
#2946=DIRECTION('',(0.,0.,-1.));
#2947=DIRECTION('center_axis',(0.,0.,-1.));
#2948=DIRECTION('ref_axis',(0.707106781186547,-0.707106781186548,0.));
#2949=DIRECTION('center_axis',(0.,-1.,0.));
#2950=DIRECTION('ref_axis',(1.,0.,0.));
#2951=DIRECTION('',(-1.,0.,0.));
#2952=DIRECTION('center_axis',(0.,0.,1.));
#2953=DIRECTION('ref_axis',(-1.,0.,0.));
#2954=DIRECTION('center_axis',(0.,0.,-1.));
#2955=DIRECTION('ref_axis',(-1.,0.,0.));
#2956=DIRECTION('',(0.,0.,-1.));
#2957=DIRECTION('center_axis',(0.,0.,1.));
#2958=DIRECTION('ref_axis',(1.,0.,0.));
#2959=DIRECTION('center_axis',(0.,0.,1.));
#2960=DIRECTION('ref_axis',(-1.,0.,0.));
#2961=DIRECTION('center_axis',(-1.,0.,0.));
#2962=DIRECTION('ref_axis',(0.,1.,0.));
#2963=DIRECTION('center_axis',(0.,0.,1.));
#2964=DIRECTION('ref_axis',(-0.707106781186548,0.707106781186548,0.));
#2965=DIRECTION('center_axis',(0.,0.,1.));
#2966=DIRECTION('ref_axis',(-0.707106781186548,0.707106781186548,0.));
#2967=DIRECTION('',(0.,0.,1.));
#2968=DIRECTION('center_axis',(0.,0.,1.));
#2969=DIRECTION('ref_axis',(-0.707106781186548,0.707106781186548,0.));
#2970=DIRECTION('',(0.,0.,-1.));
#2971=DIRECTION('center_axis',(1.,0.,0.));
#2972=DIRECTION('ref_axis',(0.,1.,0.));
#2973=DIRECTION('',(0.,1.,0.));
#2974=DIRECTION('',(0.,0.,1.));
#2975=DIRECTION('',(0.,-1.,0.));
#2976=DIRECTION('center_axis',(0.,0.,1.));
#2977=DIRECTION('ref_axis',(0.707106781186548,0.707106781186548,0.));
#2978=DIRECTION('center_axis',(0.,0.,1.));
#2979=DIRECTION('ref_axis',(0.707106781186548,0.707106781186548,0.));
#2980=DIRECTION('',(0.,0.,1.));
#2981=DIRECTION('center_axis',(0.,0.,1.));
#2982=DIRECTION('ref_axis',(0.707106781186548,0.707106781186548,0.));
#2983=DIRECTION('',(0.,0.,-1.));
#2984=DIRECTION('center_axis',(0.,-1.,0.));
#2985=DIRECTION('ref_axis',(1.,0.,0.));
#2986=DIRECTION('',(-1.,0.,0.));
#2987=DIRECTION('',(1.,0.,0.));
#2988=DIRECTION('center_axis',(0.,0.,1.));
#2989=DIRECTION('ref_axis',(0.707106781186548,-0.707106781186548,0.));
#2990=DIRECTION('center_axis',(0.,0.,1.));
#2991=DIRECTION('ref_axis',(0.707106781186548,-0.707106781186548,0.));
#2992=DIRECTION('',(0.,0.,1.));
#2993=DIRECTION('center_axis',(0.,0.,1.));
#2994=DIRECTION('ref_axis',(0.707106781186548,-0.707106781186548,0.));
#2995=DIRECTION('',(0.,0.,-1.));
#2996=DIRECTION('center_axis',(-1.,0.,0.));
#2997=DIRECTION('ref_axis',(0.,-1.,0.));
#2998=DIRECTION('',(0.,1.,0.));
#2999=DIRECTION('',(0.,-1.,0.));
#3000=DIRECTION('center_axis',(0.,0.,1.));
#3001=DIRECTION('ref_axis',(-0.707106781186548,-0.707106781186548,0.));
#3002=DIRECTION('center_axis',(0.,0.,1.));
#3003=DIRECTION('ref_axis',(-0.707106781186548,-0.707106781186548,0.));
#3004=DIRECTION('center_axis',(0.,0.,1.));
#3005=DIRECTION('ref_axis',(-0.707106781186548,-0.707106781186548,0.));
#3006=DIRECTION('',(0.,0.,-1.));
#3007=DIRECTION('center_axis',(0.,1.,0.));
#3008=DIRECTION('ref_axis',(-1.,0.,0.));
#3009=DIRECTION('',(1.,0.,0.));
#3010=DIRECTION('',(-1.,0.,0.));
#3011=DIRECTION('center_axis',(0.,0.,1.));
#3012=DIRECTION('ref_axis',(-0.707106781186548,0.707106781186548,0.));
#3013=DIRECTION('center_axis',(0.,0.,-1.));
#3014=DIRECTION('ref_axis',(-0.707106781186548,0.707106781186548,0.));
#3015=DIRECTION('',(0.,0.,-1.));
#3016=DIRECTION('center_axis',(0.,0.,-1.));
#3017=DIRECTION('ref_axis',(-0.707106781186548,0.707106781186548,0.));
#3018=DIRECTION('',(0.,0.,1.));
#3019=DIRECTION('center_axis',(0.,1.,0.));
#3020=DIRECTION('ref_axis',(-1.,0.,0.));
#3021=DIRECTION('',(-1.,0.,0.));
#3022=DIRECTION('',(0.,0.,1.));
#3023=DIRECTION('',(1.,0.,0.));
#3024=DIRECTION('center_axis',(0.,0.,1.));
#3025=DIRECTION('ref_axis',(1.,0.,0.));
#3026=DIRECTION('',(0.,-1.,0.));
#3027=DIRECTION('center_axis',(0.,0.,-1.));
#3028=DIRECTION('ref_axis',(-0.707106781186548,-0.707106781186548,0.));
#3029=DIRECTION('',(1.,0.,0.));
#3030=DIRECTION('center_axis',(0.,0.,-1.));
#3031=DIRECTION('ref_axis',(0.707106781186548,-0.707106781186548,0.));
#3032=DIRECTION('',(0.,1.,0.));
#3033=DIRECTION('center_axis',(0.,0.,-1.));
#3034=DIRECTION('ref_axis',(0.707106781186548,0.707106781186548,0.));
#3035=DIRECTION('center_axis',(0.,0.,1.));
#3036=DIRECTION('ref_axis',(0.707106781186548,0.707106781186548,0.));
#3037=DIRECTION('',(0.,0.,-1.));
#3038=DIRECTION('center_axis',(0.,0.,-1.));
#3039=DIRECTION('ref_axis',(0.707106781186548,0.707106781186548,0.));
#3040=DIRECTION('center_axis',(1.,0.,0.));
#3041=DIRECTION('ref_axis',(0.,1.,0.));
#3042=DIRECTION('',(0.,0.,1.));
#3043=DIRECTION('',(0.,-1.,0.));
#3044=DIRECTION('center_axis',(0.,0.,1.));
#3045=DIRECTION('ref_axis',(0.707106781186548,-0.707106781186548,0.));
#3046=DIRECTION('',(0.,0.,-1.));
#3047=DIRECTION('center_axis',(0.,0.,-1.));
#3048=DIRECTION('ref_axis',(0.707106781186548,-0.707106781186548,0.));
#3049=DIRECTION('center_axis',(0.,-1.,0.));
#3050=DIRECTION('ref_axis',(1.,0.,0.));
#3051=DIRECTION('',(0.,0.,1.));
#3052=DIRECTION('',(-1.,0.,0.));
#3053=DIRECTION('center_axis',(0.,0.,1.));
#3054=DIRECTION('ref_axis',(-0.707106781186548,-0.707106781186548,0.));
#3055=DIRECTION('',(0.,0.,-1.));
#3056=DIRECTION('center_axis',(0.,0.,-1.));
#3057=DIRECTION('ref_axis',(-0.707106781186548,-0.707106781186548,0.));
#3058=DIRECTION('center_axis',(-1.,0.,0.));
#3059=DIRECTION('ref_axis',(0.,-1.,0.));
#3060=DIRECTION('',(0.,1.,0.));
#3061=DIRECTION('center_axis',(0.,0.,1.));
#3062=DIRECTION('ref_axis',(1.,0.,0.));
#3063=DIRECTION('center_axis',(0.,0.,-1.));
#3064=DIRECTION('ref_axis',(-1.,0.,0.));
#3065=DIRECTION('center_axis',(0.,0.,-1.));
#3066=DIRECTION('ref_axis',(-1.,0.,0.));
#3067=DIRECTION('',(0.,0.,-1.));
#3068=DIRECTION('center_axis',(0.,0.,1.));
#3069=DIRECTION('ref_axis',(1.,0.,0.));
#3070=DIRECTION('',(0.334860657183797,-2.04984288700499E-17,0.942267658508153));
#3071=DIRECTION('',(-2.37111202841768E-17,1.,3.0180755896895E-17));
#3072=DIRECTION('',(-6.76289818089308E-17,-1.,-2.43879768073143E-18));
#3073=DIRECTION('',(0.754210221499697,-4.94050742286768E-17,-0.656633034339091));
#3074=DIRECTION('',(0.,6.12323399573677E-17,1.));
#3075=DIRECTION('',(-1.94289029309402E-15,-1.,6.12323399573678E-17));
#3076=DIRECTION('',(0.,0.,1.));
#3077=DIRECTION('',(1.,0.,0.));
#3078=DIRECTION('',(-3.40841295126678E-17,-1.,-2.99102870047847E-17));
#3079=DIRECTION('',(0.942267658508152,-2.21005945452118E-17,-0.334860657183797));
#3080=CARTESIAN_POINT('',(0.,0.,0.));
#3081=CARTESIAN_POINT('',(0.,0.,0.));
#3082=CARTESIAN_POINT('Origin',(11.0000001639128,23.5000004097819,2.5000000372529));
#3083=CARTESIAN_POINT('',(-8.,22.5000004097819,2.5000000372529));
#3084=CARTESIAN_POINT('Origin',(-8.,23.5000004097819,2.5000000372529));
#3085=CARTESIAN_POINT('',(-11.,22.5000004097819,2.5000000372529));
#3086=CARTESIAN_POINT('',(11.0000001639128,22.5000004097819,2.5000000372529));
#3087=CARTESIAN_POINT('Origin',(-11.,23.5000004097819,2.5000000372529));
#3088=CARTESIAN_POINT('Origin',(11.0000001639128,23.5000004097819,2.5000000372529));
#3089=CARTESIAN_POINT('',(11.0000001639128,22.5000004097819,2.5000000372529));
#3090=CARTESIAN_POINT('Origin',(11.0000001639128,23.5000004097819,2.5000000372529));
#3091=CARTESIAN_POINT('',(8.,22.5000004097819,2.5000000372529));
#3092=CARTESIAN_POINT('',(11.0000001639128,22.5000004097819,2.5000000372529));
#3093=CARTESIAN_POINT('Origin',(8.,23.5000004097819,2.5000000372529));
#3094=CARTESIAN_POINT('Origin',(-3.99999995902181,7.00000014901161,4.));
#3095=CARTESIAN_POINT('',(8.,6.00000014901161,4.));
#3096=CARTESIAN_POINT('',(8.,7.00000014901161,5.));
#3097=CARTESIAN_POINT('Origin',(8.,7.00000014901161,4.));
#3098=CARTESIAN_POINT('',(-8.,7.00000014901161,5.));
#3099=CARTESIAN_POINT('',(-3.99999995902181,7.00000014901161,5.));
#3100=CARTESIAN_POINT('',(-8.,6.00000014901161,4.));
#3101=CARTESIAN_POINT('Origin',(-8.,7.00000014901161,4.));
#3102=CARTESIAN_POINT('',(-3.99999995902181,6.00000014901161,4.));
#3103=CARTESIAN_POINT('Origin',(8.19563861220729E-8,15.,5.));
#3104=CARTESIAN_POINT('',(-8.,2.5,5.));
#3105=CARTESIAN_POINT('',(-8.,0.,5.));
#3106=CARTESIAN_POINT('',(8.,2.5,5.));
#3107=CARTESIAN_POINT('',(8.,0.,5.));
#3108=CARTESIAN_POINT('',(11.0000001639128,2.5,5.));
#3109=CARTESIAN_POINT('',(4.00000004097819,2.5,5.));
#3110=CARTESIAN_POINT('',(11.0000001639128,27.5,5.));
#3111=CARTESIAN_POINT('',(11.0000001639128,30.,5.));
#3112=CARTESIAN_POINT('',(8.,27.5,5.));
#3113=CARTESIAN_POINT('',(5.50000012293458,27.5,5.));
#3114=CARTESIAN_POINT('',(8.,9.,5.));
#3115=CARTESIAN_POINT('',(8.,0.,5.));
#3116=CARTESIAN_POINT('',(-8.,9.,5.));
#3117=CARTESIAN_POINT('',(4.00000004097819,9.,5.));
#3118=CARTESIAN_POINT('',(-8.,27.5,5.));
#3119=CARTESIAN_POINT('',(-8.,15.,5.));
#3120=CARTESIAN_POINT('',(-11.,27.5,5.));
#3121=CARTESIAN_POINT('',(-3.99999995902181,27.5,5.));
#3122=CARTESIAN_POINT('',(-11.,2.5,5.));
#3123=CARTESIAN_POINT('',(-11.,30.,5.));
#3124=CARTESIAN_POINT('',(-5.49999995902181,2.5,5.));
#3125=CARTESIAN_POINT('Origin',(-3.99999995902181,7.00000014901161,1.));
#3126=CARTESIAN_POINT('',(-8.,6.00000014901161,1.));
#3127=CARTESIAN_POINT('',(-8.,7.00000014901161,0.));
#3128=CARTESIAN_POINT('Origin',(-8.,7.00000014901161,1.));
#3129=CARTESIAN_POINT('',(8.,7.00000014901161,0.));
#3130=CARTESIAN_POINT('',(-3.99999995902181,7.00000014901161,0.));
#3131=CARTESIAN_POINT('',(8.,6.00000014901161,1.));
#3132=CARTESIAN_POINT('Origin',(8.,7.00000014901161,1.));
#3133=CARTESIAN_POINT('',(-3.99999995902181,6.00000014901161,1.));
#3134=CARTESIAN_POINT('Origin',(8.19563861220729E-8,15.,0.));
#3135=CARTESIAN_POINT('',(8.,2.5,0.));
#3136=CARTESIAN_POINT('',(8.,0.,0.));
#3137=CARTESIAN_POINT('',(-8.,2.5,0.));
#3138=CARTESIAN_POINT('',(-8.,0.,0.));
#3139=CARTESIAN_POINT('',(-11.,2.5,0.));
#3140=CARTESIAN_POINT('',(-5.49999995902181,2.5,0.));
#3141=CARTESIAN_POINT('',(-11.,27.5,0.));
#3142=CARTESIAN_POINT('',(-11.,30.,0.));
#3143=CARTESIAN_POINT('',(-8.,27.5,0.));
#3144=CARTESIAN_POINT('',(-3.99999995902181,27.5,0.));
#3145=CARTESIAN_POINT('',(-8.,9.,0.));
#3146=CARTESIAN_POINT('',(-8.,15.,0.));
#3147=CARTESIAN_POINT('',(8.,9.,0.));
#3148=CARTESIAN_POINT('',(4.00000004097819,9.,0.));
#3149=CARTESIAN_POINT('',(8.,27.5,0.));
#3150=CARTESIAN_POINT('',(8.,0.,0.));
#3151=CARTESIAN_POINT('',(11.0000001639128,27.5,0.));
#3152=CARTESIAN_POINT('',(5.50000012293458,27.5,0.));
#3153=CARTESIAN_POINT('',(11.0000001639128,2.5,0.));
#3154=CARTESIAN_POINT('',(11.0000001639128,30.,0.));
#3155=CARTESIAN_POINT('',(4.00000004097819,2.5,0.));
#3156=CARTESIAN_POINT('Origin',(4.00000004097819,9.,4.));
#3157=CARTESIAN_POINT('',(8.,10.,4.));
#3158=CARTESIAN_POINT('Origin',(8.,9.,4.));
#3159=CARTESIAN_POINT('',(-8.,10.,4.));
#3160=CARTESIAN_POINT('',(4.00000004097819,10.,4.));
#3161=CARTESIAN_POINT('Origin',(-8.,9.,4.));
#3162=CARTESIAN_POINT('Origin',(8.,10.,0.));
#3163=CARTESIAN_POINT('',(8.,10.,1.));
#3164=CARTESIAN_POINT('',(8.,10.,0.));
#3165=CARTESIAN_POINT('',(-8.,10.,1.));
#3166=CARTESIAN_POINT('',(4.00000004097819,10.,1.));
#3167=CARTESIAN_POINT('',(-8.,10.,0.));
#3168=CARTESIAN_POINT('Origin',(4.00000004097819,9.,1.));
#3169=CARTESIAN_POINT('Origin',(-8.,9.,1.));
#3170=CARTESIAN_POINT('Origin',(8.,9.,1.));
#3171=CARTESIAN_POINT('Origin',(-8.,0.,0.));
#3172=CARTESIAN_POINT('Origin',(-8.,2.5,2.5));
#3173=CARTESIAN_POINT('',(-8.,6.00000014901161,0.));
#3174=CARTESIAN_POINT('',(-8.,1.5,2.5));
#3175=CARTESIAN_POINT('Origin',(-8.,2.5,2.5));
#3176=CARTESIAN_POINT('Origin',(-5.49999995902181,2.5,2.5));
#3177=CARTESIAN_POINT('Origin',(-11.,2.5,2.5));
#3178=CARTESIAN_POINT('Origin',(11.0000001639128,0.,0.));
#3179=CARTESIAN_POINT('Origin',(11.0000001639128,2.5,2.5));
#3180=CARTESIAN_POINT('Origin',(11.0000001639128,27.5,2.5));
#3181=CARTESIAN_POINT('',(11.0000001639128,1.5,2.5));
#3182=CARTESIAN_POINT('Origin',(11.0000001639128,2.5,2.5));
#3183=CARTESIAN_POINT('',(11.0000001639128,26.5,2.5));
#3184=CARTESIAN_POINT('Origin',(11.0000001639128,27.5,2.5));
#3185=CARTESIAN_POINT('Origin',(4.00000004097819,2.5,2.5));
#3186=CARTESIAN_POINT('Origin',(8.,2.5,2.5));
#3187=CARTESIAN_POINT('Origin',(-11.,30.,0.));
#3188=CARTESIAN_POINT('Origin',(-11.,27.5,2.5));
#3189=CARTESIAN_POINT('',(-11.,26.5,2.5));
#3190=CARTESIAN_POINT('Origin',(-11.,27.5,2.5));
#3191=CARTESIAN_POINT('',(-11.,1.5,2.5));
#3192=CARTESIAN_POINT('Origin',(-11.,2.5,2.5));
#3193=CARTESIAN_POINT('Origin',(-3.99999995902181,27.5,2.5));
#3194=CARTESIAN_POINT('Origin',(-8.,27.5,2.5));
#3195=CARTESIAN_POINT('Origin',(8.,30.,0.));
#3196=CARTESIAN_POINT('Origin',(8.,27.5,2.5));
#3197=CARTESIAN_POINT('',(8.,26.5,2.5));
#3198=CARTESIAN_POINT('Origin',(8.,27.5,2.5));
#3199=CARTESIAN_POINT('Origin',(5.50000012293458,27.5,2.5));
#3200=CARTESIAN_POINT('Origin',(-8.,6.00000014901161,0.));
#3201=CARTESIAN_POINT('',(8.,6.00000014901161,0.));
#3202=CARTESIAN_POINT('Origin',(11.0000001639128,27.5,2.5));
#3203=CARTESIAN_POINT('',(11.0000001639128,26.5,2.5));
#3204=CARTESIAN_POINT('Origin',(11.0000001639128,27.5,2.5));
#3205=CARTESIAN_POINT('',(-8.,26.5,2.5));
#3206=CARTESIAN_POINT('Origin',(-8.,27.5,2.5));
#3207=CARTESIAN_POINT('',(11.0000001639128,26.5,2.5));
#3208=CARTESIAN_POINT('Origin',(11.0000001639128,2.5,2.5));
#3209=CARTESIAN_POINT('',(11.0000001639128,1.5,2.5));
#3210=CARTESIAN_POINT('Origin',(11.0000001639128,2.5,2.5));
#3211=CARTESIAN_POINT('',(8.,1.5,2.5));
#3212=CARTESIAN_POINT('',(11.0000001639128,1.5,2.5));
#3213=CARTESIAN_POINT('Origin',(8.,2.5,2.5));
#3214=CARTESIAN_POINT('Origin',(8.,10.0000001490116,0.));
#3215=CARTESIAN_POINT('Origin',(-8.,15.,0.));
#3216=CARTESIAN_POINT('',(0.,0.,0.));
#3217=CARTESIAN_POINT('Origin',(-2.5000000372529,-13.5000002011657,-2.00000017882493));
#3218=CARTESIAN_POINT('',(-2.5000000372529,-14.0000002011657,-3.50000023842892));
#3219=CARTESIAN_POINT('',(-2.5000000372529,-14.0000002011657,-2.00000017882493));
#3220=CARTESIAN_POINT('',(-2.5000000372529,-14.0000002011657,-2.50000020862692));
#3221=CARTESIAN_POINT('',(-2.5000000372529,-17.5000002011657,-2.00000017882493));
#3222=CARTESIAN_POINT('',(-2.5000000372529,-14.7500002197921,-2.00000008940697));
#3223=CARTESIAN_POINT('',(-2.5000000372529,-17.5000002011657,-7.00000023842891));
#3224=CARTESIAN_POINT('',(-2.5000000372529,-17.5000002011657,-2.00000017882493));
#3225=CARTESIAN_POINT('',(-2.5000000372529,-15.0000001862647,-4.50000022352792));
#3226=CARTESIAN_POINT('Origin',(4.99999999999486,-20.,36.9999997615711));
#3227=CARTESIAN_POINT('',(4.99999999999835,-14.0000002011657,-3.50000023842891));
#3228=CARTESIAN_POINT('',(4.99999999999835,-14.0000002011657,-2.00000008940697));
#3229=CARTESIAN_POINT('',(4.99999999999749,-14.0000002011657,16.9999997615711));
#3230=CARTESIAN_POINT('',(4.99999999999973,-20.364916731037,-2.00000008940697));
#3231=CARTESIAN_POINT('',(5.00000000000052,-18.0000001192093,-2.00000008940697));
#3232=CARTESIAN_POINT('',(4.99999999999973,-20.3649167310378,21.0870830867553));
#3233=CARTESIAN_POINT('',(4.99999999999769,-20.3649167310376,15.4999998360821));
#3234=CARTESIAN_POINT('',(4.99999999999973,-19.3649167310378,21.0870830867553));
#3235=CARTESIAN_POINT('',(4.99999999999695,-20.1824583655186,21.0870830867553));
#3236=CARTESIAN_POINT('',(4.99999999999486,-19.3649167310384,26.9999997615711));
#3237=CARTESIAN_POINT('',(4.99999999999973,-19.3649167310372,0.));
#3238=CARTESIAN_POINT('',(4.99999999999486,-22.,26.9999997615711));
#3239=CARTESIAN_POINT('',(4.99999999999618,-20.,26.9999997615711));
#3240=CARTESIAN_POINT('',(5.00000000000183,-22.,-10.0000002384289));
#3241=CARTESIAN_POINT('',(4.99999999999486,-22.,36.9999997615711));
#3242=CARTESIAN_POINT('',(5.00000000000104,-20.5000002011657,-10.0000002384289));
#3243=CARTESIAN_POINT('',(5.00000000000104,-19.5,-10.0000002384289));
#3244=CARTESIAN_POINT('',(4.99999999999925,-6.87500015087418,3.62499981186259));
#3245=CARTESIAN_POINT('Origin',(4.99999999999835,-14.0000002011657,-6.00000008940697));
#3246=CARTESIAN_POINT('',(-5.00000000000165,-14.0000002011657,-2.00000008940697));
#3247=CARTESIAN_POINT('',(-5.00000000000165,-14.0000002011657,-3.50000023842892));
#3248=CARTESIAN_POINT('',(-5.00000000000513,-14.0000002011657,-9.50000023842892));
#3249=CARTESIAN_POINT('',(4.99999999999904,-14.0000002011657,-2.00000008940697));
#3250=CARTESIAN_POINT('',(-1.86272766655726E-8,-14.0000002011657,-3.50000023842892));
#3251=CARTESIAN_POINT('Origin',(4.99999999999835,-14.0000002011657,-6.00000008940697));
#3252=CARTESIAN_POINT('',(2.5000000372496,-14.0000002011657,-2.00000017882493));
#3253=CARTESIAN_POINT('',(2.5000000372496,-14.0000002011657,-3.50000023842892));
#3254=CARTESIAN_POINT('',(2.5000000372496,-14.0000002011657,-6.50000019372026));
#3255=CARTESIAN_POINT('',(4.99999999999904,-14.0000002011657,-2.00000008940697));
#3256=CARTESIAN_POINT('',(3.74999999999835,-14.0000002011657,-3.50000023842892));
#3257=CARTESIAN_POINT('Origin',(2.5000000372496,-13.5000002011657,-10.0000001490116));
#3258=CARTESIAN_POINT('',(2.5000000372496,-17.5000002011657,-7.00000023842891));
#3259=CARTESIAN_POINT('',(2.5000000372496,-17.0000001788113,-6.50000021607459));
#3260=CARTESIAN_POINT('',(2.5000000372496,-17.5000002011657,-2.00000017882493));
#3261=CARTESIAN_POINT('',(2.5000000372496,-17.5000002011657,-10.0000001490116));
#3262=CARTESIAN_POINT('',(2.5000000372496,-14.7500002197921,-2.00000008940697));
#3263=CARTESIAN_POINT('Origin',(-5.13866726947754E-12,-22.,22.9999997615711));
#3264=CARTESIAN_POINT('',(-1.50000000000514,-22.,22.9999997615711));
#3265=CARTESIAN_POINT('Origin',(-5.13866726947754E-12,-22.,22.9999997615711));
#3266=CARTESIAN_POINT('',(-1.50000000000514,-19.9436706751787,22.9999997615711));
#3267=CARTESIAN_POINT('',(-1.50000000000514,-22.,22.9999997615711));
#3268=CARTESIAN_POINT('',(1.49999999999486,-19.9436706751795,22.9999997615711));
#3269=CARTESIAN_POINT('Ctrl Pts',(1.49999999999486,-19.9436706751795,22.9999997615711));
#3270=CARTESIAN_POINT('Ctrl Pts',(1.49999999999486,-19.9436706751795,23.1884191240366));
#3271=CARTESIAN_POINT('Ctrl Pts',(1.46232985553911,-19.9466157470966,23.3893491037203));
#3272=CARTESIAN_POINT('Ctrl Pts',(1.30922738270554,-19.9572496104741,23.7588971155098));
#3273=CARTESIAN_POINT('Ctrl Pts',(1.19379893653067,-19.9647844973245,23.9275211685949));
#3274=CARTESIAN_POINT('Ctrl Pts',(0.927521549817822,-19.9789258885948,24.1937985553078));
#3275=CARTESIAN_POINT('Ctrl Pts',(0.758897433341185,-19.98645151884,24.3092271117268));
#3276=CARTESIAN_POINT('Ctrl Pts',(0.389349212948178,-19.997064205009,24.4623296702974));
#3277=CARTESIAN_POINT('Ctrl Pts',(0.188419160369503,-20.,24.4999997615711));
#3278=CARTESIAN_POINT('Ctrl Pts',(-0.188419160379783,-20.,24.4999997615711));
#3279=CARTESIAN_POINT('Ctrl Pts',(-0.389349212958462,-19.9970642050088,
24.4623296702974));
#3280=CARTESIAN_POINT('Ctrl Pts',(-0.758897433351467,-19.9864515188397,
24.3092271117268));
#3281=CARTESIAN_POINT('Ctrl Pts',(-0.927521549828103,-19.9789258885943,
24.1937985553078));
#3282=CARTESIAN_POINT('Ctrl Pts',(-1.19379893654095,-19.9647844973239,23.9275211685949));
#3283=CARTESIAN_POINT('Ctrl Pts',(-1.30922738271582,-19.9572496104735,23.7588971155098));
#3284=CARTESIAN_POINT('Ctrl Pts',(-1.46232985554939,-19.9466157470958,23.3893491037203));
#3285=CARTESIAN_POINT('Ctrl Pts',(-1.50000000000514,-19.9436706751787,23.1884191240366));
#3286=CARTESIAN_POINT('Ctrl Pts',(-1.50000000000514,-19.9436706751787,22.9999997615711));
#3287=CARTESIAN_POINT('Ctrl Pts',(-1.50000000000514,-19.9436706751787,22.9999997615711));
#3288=CARTESIAN_POINT('Ctrl Pts',(-1.50000000000514,-19.9436706751787,22.8115803991056));
#3289=CARTESIAN_POINT('Ctrl Pts',(-1.46232985554939,-19.9466157470958,22.6106504194219));
#3290=CARTESIAN_POINT('Ctrl Pts',(-1.30922738271582,-19.9572496104735,22.2411024076324));
#3291=CARTESIAN_POINT('Ctrl Pts',(-1.19379893654095,-19.9647844973239,22.0724783545473));
#3292=CARTESIAN_POINT('Ctrl Pts',(-0.927521549828104,-19.9789258885943,
21.8062009678344));
#3293=CARTESIAN_POINT('Ctrl Pts',(-0.758897433351467,-19.9864515188397,
21.6907724114154));
#3294=CARTESIAN_POINT('Ctrl Pts',(-0.389349212958462,-19.9970642050088,
21.5376698528448));
#3295=CARTESIAN_POINT('Ctrl Pts',(-0.188419160379783,-20.,21.4999997615711));
#3296=CARTESIAN_POINT('Ctrl Pts',(0.188419160369502,-20.,21.4999997615711));
#3297=CARTESIAN_POINT('Ctrl Pts',(0.389349212948178,-19.997064205009,21.5376698528448));
#3298=CARTESIAN_POINT('Ctrl Pts',(0.758897433341185,-19.98645151884,21.6907724114154));
#3299=CARTESIAN_POINT('Ctrl Pts',(0.927521549817822,-19.9789258885948,21.8062009678344));
#3300=CARTESIAN_POINT('Ctrl Pts',(1.19379893653067,-19.9647844973245,22.0724783545473));
#3301=CARTESIAN_POINT('Ctrl Pts',(1.30922738270554,-19.9572496104741,22.2411024076324));
#3302=CARTESIAN_POINT('Ctrl Pts',(1.46232985553911,-19.9466157470966,22.6106504194219));
#3303=CARTESIAN_POINT('Ctrl Pts',(1.49999999999486,-19.9436706751795,22.8115803991056));
#3304=CARTESIAN_POINT('Ctrl Pts',(1.49999999999486,-19.9436706751795,22.9999997615711));
#3305=CARTESIAN_POINT('Origin',(-5.00000000000514,-20.,26.9999997615711));
#3306=CARTESIAN_POINT('',(-5.00000000000514,-19.3649167310358,26.9999997615711));
#3307=CARTESIAN_POINT('Origin',(0.,0.,26.9999997615711));
#3308=CARTESIAN_POINT('',(-5.00000000000514,-22.,26.9999997615711));
#3309=CARTESIAN_POINT('',(-5.00000000000514,-20.,26.9999997615711));
#3310=CARTESIAN_POINT('',(-2.5000000000034,-22.,26.9999997615711));
#3311=CARTESIAN_POINT('Origin',(-5.00000000000513,-20.,-16.0000002384289));
#3312=CARTESIAN_POINT('',(-5.00000000000513,-20.5000002011657,-10.0000002384289));
#3313=CARTESIAN_POINT('',(-5.00000000000513,-20.1250001508743,-9.6250001881375));
#3314=CARTESIAN_POINT('',(-5.00000000000513,-22.,-10.0000002384289));
#3315=CARTESIAN_POINT('',(-5.00000000000513,-19.5,-10.0000002384289));
#3316=CARTESIAN_POINT('',(-5.00000000000513,-22.,-16.0000002384289));
#3317=CARTESIAN_POINT('',(-5.00000000000514,-19.3649167310378,21.0870830867553));
#3318=CARTESIAN_POINT('',(-5.00000000000513,-19.3649167310358,0.));
#3319=CARTESIAN_POINT('',(-5.00000000000514,-20.3649167310378,21.0870830867553));
#3320=CARTESIAN_POINT('',(-5.00000000000514,-20.1824583655196,21.0870830867553));
#3321=CARTESIAN_POINT('',(-5.00000000000513,-20.364916731037,-2.00000008940697));
#3322=CARTESIAN_POINT('',(-5.00000000000513,-20.3649167310366,-11.0000001639179));
#3323=CARTESIAN_POINT('',(-5.00000000000513,-18.0000001192093,-2.00000008940697));
#3324=CARTESIAN_POINT('Origin',(0.,0.,40.));
#3325=CARTESIAN_POINT('Origin',(0.,0.,21.0870830867553));
#3326=CARTESIAN_POINT('Origin',(2.49999999999835,-17.0000002011657,-6.50000023842892));
#3327=CARTESIAN_POINT('',(1.24999999999835,-17.5000002011657,-7.00000023842891));
#3328=CARTESIAN_POINT('',(2.49999999999835,-20.5000002011657,-10.0000002384289));
#3329=CARTESIAN_POINT('Origin',(-1.64757096854373E-12,-19.,-10.0000002384289));
#3330=CARTESIAN_POINT('',(-1.6503465261053E-12,-22.,-10.0000002384289));
#3331=CARTESIAN_POINT('Origin',(-1.65312208366686E-12,-17.5000002011657,
-6.00000016391827));
#3332=CARTESIAN_POINT('',(2.49999999999904,-17.5000002011657,-2.00000008940697));
#3333=CARTESIAN_POINT('Origin',(4.99999999999973,-16.0000002384186,-2.00000008940697));
#3334=CARTESIAN_POINT('',(4.99999999999973,-20.364916731037,-2.00000008940697));
#3335=CARTESIAN_POINT('Origin',(-1.65312208366686E-12,-22.,10.4999997615711));
#3336=CARTESIAN_POINT('Origin',(4.99999999999973,-20.3649167310378,21.0870830867553));
#3337=CARTESIAN_POINT('',(4.99999999999973,-20.3649167310378,21.0870830867553));
#3338=CARTESIAN_POINT('Origin',(4.99999999999973,-20.3649167310368,-6.00000008940697));
#3339=CARTESIAN_POINT('',(0.,0.,0.));
#3340=CARTESIAN_POINT('Origin',(0.,0.,47.0080673528221));
#3341=CARTESIAN_POINT('',(0.,0.,47.8732384683761));
#3342=CARTESIAN_POINT('',(-1.5,-1.83697019872103E-16,46.1428962372681));
#3343=CARTESIAN_POINT('',(-0.750000000000002,-9.18485099360517E-17,47.0080673528221));
#3344=CARTESIAN_POINT('Origin',(0.,0.,46.1428962372681));
#3345=CARTESIAN_POINT('Ctrl Pts',(-18.4961308510354,0.,1.50000000000002));
#3346=CARTESIAN_POINT('Ctrl Pts',(-18.4961308510354,-18.4961308510354,1.50000000000002));
#3347=CARTESIAN_POINT('Ctrl Pts',(0.,-18.4961308510354,1.50000000000002));
#3348=CARTESIAN_POINT('Ctrl Pts',(18.4961308510354,-18.4961308510354,1.50000000000002));
#3349=CARTESIAN_POINT('Ctrl Pts',(18.4961308510354,0.,1.50000000000002));
#3350=CARTESIAN_POINT('Ctrl Pts',(18.4961308510354,18.4961308510354,1.50000000000002));
#3351=CARTESIAN_POINT('Ctrl Pts',(0.,18.4961308510354,1.50000000000002));
#3352=CARTESIAN_POINT('Ctrl Pts',(-18.4961308510354,18.4961308510354,1.50000000000002));
#3353=CARTESIAN_POINT('Ctrl Pts',(-18.4961308510354,0.,1.50000000000002));
#3354=CARTESIAN_POINT('Ctrl Pts',(-18.1572359312534,0.,26.9277503803504));
#3355=CARTESIAN_POINT('Ctrl Pts',(-18.1572359312534,-18.1572359312534,26.9277503803504));
#3356=CARTESIAN_POINT('Ctrl Pts',(0.,-18.1572359312534,26.9277503803504));
#3357=CARTESIAN_POINT('Ctrl Pts',(18.1572359312534,-18.1572359312534,26.9277503803504));
#3358=CARTESIAN_POINT('Ctrl Pts',(18.1572359312534,0.,26.9277503803504));
#3359=CARTESIAN_POINT('Ctrl Pts',(18.1572359312534,18.1572359312534,26.9277503803504));
#3360=CARTESIAN_POINT('Ctrl Pts',(0.,18.1572359312534,26.9277503803504));
#3361=CARTESIAN_POINT('Ctrl Pts',(-18.1572359312534,18.1572359312534,26.9277503803504));
#3362=CARTESIAN_POINT('Ctrl Pts',(-18.1572359312534,0.,26.9277503803504));
#3363=CARTESIAN_POINT('Ctrl Pts',(-1.49999999999999,0.,46.1428962372681));
#3364=CARTESIAN_POINT('Ctrl Pts',(-1.49999999999999,-1.49999999999999,46.1428962372681));
#3365=CARTESIAN_POINT('Ctrl Pts',(0.,-1.49999999999999,46.1428962372681));
#3366=CARTESIAN_POINT('Ctrl Pts',(1.49999999999999,-1.49999999999999,46.1428962372681));
#3367=CARTESIAN_POINT('Ctrl Pts',(1.49999999999999,0.,46.1428962372681));
#3368=CARTESIAN_POINT('Ctrl Pts',(1.49999999999999,1.49999999999999,46.1428962372681));
#3369=CARTESIAN_POINT('Ctrl Pts',(0.,1.49999999999999,46.1428962372681));
#3370=CARTESIAN_POINT('Ctrl Pts',(-1.49999999999999,1.49999999999999,46.1428962372681));
#3371=CARTESIAN_POINT('Ctrl Pts',(-1.49999999999999,0.,46.1428962372681));
#3372=CARTESIAN_POINT('',(-18.4961308510354,-2.26512274433311E-15,1.50000000000002));
#3373=CARTESIAN_POINT('Origin',(51.0678291727896,6.25400535358607E-15,0.572868330884138));
#3374=CARTESIAN_POINT('Origin',(0.,0.,1.50000000000002));
#3375=CARTESIAN_POINT('Origin',(0.,0.,0.750000000000002));
#3376=CARTESIAN_POINT('',(-18.5161224889927,-2.26757101387653E-15,1.38777878078145E-16));
#3377=CARTESIAN_POINT('',(-18.5061266700141,-2.26634687910482E-15,0.750000000000002));
#3378=CARTESIAN_POINT('Origin',(0.,0.,0.));
#3379=CARTESIAN_POINT('Origin',(20.,0.,0.));
#3380=CARTESIAN_POINT('',(-20.,-2.44929359829471E-15,1.77635683940025E-14));
#3381=CARTESIAN_POINT('Origin',(0.,0.,1.77635683940025E-14));
#3382=CARTESIAN_POINT('Ctrl Pts',(-20.,0.,1.78329573330416E-14));
#3383=CARTESIAN_POINT('Ctrl Pts',(-20.,-20.,1.78329573330416E-14));
#3384=CARTESIAN_POINT('Ctrl Pts',(0.,-20.,1.78329573330416E-14));
#3385=CARTESIAN_POINT('Ctrl Pts',(20.,-20.,1.78329573330416E-14));
#3386=CARTESIAN_POINT('Ctrl Pts',(20.,0.,1.78329573330416E-14));
#3387=CARTESIAN_POINT('Ctrl Pts',(20.,20.,1.78329573330416E-14));
#3388=CARTESIAN_POINT('Ctrl Pts',(0.,20.,1.78329573330416E-14));
#3389=CARTESIAN_POINT('Ctrl Pts',(-20.,20.,1.78329573330416E-14));
#3390=CARTESIAN_POINT('Ctrl Pts',(-20.,0.,1.78329573330416E-14));
#3391=CARTESIAN_POINT('Ctrl Pts',(-20.2345213259764,0.,29.0938085303906));
#3392=CARTESIAN_POINT('Ctrl Pts',(-20.2345213259764,-20.2345213259764,29.0938085303906));
#3393=CARTESIAN_POINT('Ctrl Pts',(0.,-20.2345213259764,29.0938085303906));
#3394=CARTESIAN_POINT('Ctrl Pts',(20.2345213259764,-20.2345213259764,29.0938085303906));
#3395=CARTESIAN_POINT('Ctrl Pts',(20.2345213259764,0.,29.0938085303906));
#3396=CARTESIAN_POINT('Ctrl Pts',(20.2345213259764,20.2345213259764,29.0938085303906));
#3397=CARTESIAN_POINT('Ctrl Pts',(0.,20.2345213259764,29.0938085303906));
#3398=CARTESIAN_POINT('Ctrl Pts',(-20.2345213259764,20.2345213259764,29.0938085303906));
#3399=CARTESIAN_POINT('Ctrl Pts',(-20.2345213259764,0.,29.0938085303906));
#3400=CARTESIAN_POINT('Ctrl Pts',(-8.88178419700125E-15,0.,50.));
#3401=CARTESIAN_POINT('Ctrl Pts',(-8.88178419700125E-15,-8.88178419700125E-15,
50.));
#3402=CARTESIAN_POINT('Ctrl Pts',(0.,-8.88178419700125E-15,50.));
#3403=CARTESIAN_POINT('Ctrl Pts',(8.88178419700125E-15,-8.88178419700125E-15,
50.));
#3404=CARTESIAN_POINT('Ctrl Pts',(8.88178419700125E-15,0.,50.));
#3405=CARTESIAN_POINT('Ctrl Pts',(8.88178419700125E-15,8.88178419700125E-15,
50.));
#3406=CARTESIAN_POINT('Ctrl Pts',(0.,8.88178419700125E-15,50.));
#3407=CARTESIAN_POINT('Ctrl Pts',(-8.88178419700125E-15,8.88178419700125E-15,
50.));
#3408=CARTESIAN_POINT('Ctrl Pts',(-8.88178419700125E-15,0.,50.));
#3409=CARTESIAN_POINT('',(8.88178419700125E-15,0.,50.));
#3410=CARTESIAN_POINT('Origin',(51.0678291727896,6.25400535358607E-15,0.572868330884138));
#3411=CARTESIAN_POINT('Origin',(0.,0.,-4.));
#3412=CARTESIAN_POINT('',(-17.75,2.17374806848655E-15,-4.));
#3413=CARTESIAN_POINT('Origin',(0.,0.,-4.));
#3414=CARTESIAN_POINT('',(-17.75,2.17374806848655E-15,0.));
#3415=CARTESIAN_POINT('',(-17.75,-2.17374806848655E-15,-4.));
#3416=CARTESIAN_POINT('Origin',(0.,0.,0.));
#3417=CARTESIAN_POINT('Origin',(0.,0.,-4.));
#3418=CARTESIAN_POINT('',(-17.,2.0818995585505E-15,-4.));
#3419=CARTESIAN_POINT('Origin',(0.,0.,-4.));
#3420=CARTESIAN_POINT('Origin',(0.,0.,1.5));
#3421=CARTESIAN_POINT('',(-18.,2.20436423846524E-15,2.));
#3422=CARTESIAN_POINT('Origin',(0.,0.,2.));
#3423=CARTESIAN_POINT('',(-17.,2.0818995585505E-15,1.));
#3424=CARTESIAN_POINT('',(-17.5,-2.14313189850787E-15,1.5));
#3425=CARTESIAN_POINT('Origin',(0.,0.,1.));
#3426=CARTESIAN_POINT('Origin',(0.,0.,-1.));
#3427=CARTESIAN_POINT('',(-17.,-2.0818995585505E-15,-1.));
#3428=CARTESIAN_POINT('Origin',(0.,0.,0.));
#3429=CARTESIAN_POINT('',(-18.5161224889927,2.26757101387653E-15,0.));
#3430=CARTESIAN_POINT('Origin',(0.,0.,0.));
#3431=CARTESIAN_POINT('Origin',(0.,0.,-1.));
#3432=CARTESIAN_POINT('',(-18.,2.20436423846524E-15,1.5));
#3433=CARTESIAN_POINT('',(-18.,-2.20436423846524E-15,-1.));
#3434=CARTESIAN_POINT('Origin',(0.,0.,1.5));
#3435=CARTESIAN_POINT('Origin',(0.,0.,1.75));
#3436=CARTESIAN_POINT('',(-18.5,-2.2655965784226E-15,2.));
#3437=CARTESIAN_POINT('Origin',(0.,0.,2.));
#3438=CARTESIAN_POINT('',(-18.25,-2.23498040844392E-15,1.75));
#3439=CARTESIAN_POINT('Origin',(0.,0.,2.));
#3440=CARTESIAN_POINT('',(-18.5161224889927,2.26757101387653E-15,2.));
#3441=CARTESIAN_POINT('Origin',(0.,0.,2.));
#3442=CARTESIAN_POINT('Origin',(0.,0.,0.));
#3443=CARTESIAN_POINT('',(-18.5161224889927,-2.26757101387653E-15,0.));
#3444=CARTESIAN_POINT('',(0.,0.,0.));
#3445=CARTESIAN_POINT('Origin',(0.,0.,20.));
#3446=CARTESIAN_POINT('',(-1.,-1.22464679914735E-16,20.));
#3447=CARTESIAN_POINT('Origin',(0.,0.,20.));
#3448=CARTESIAN_POINT('Origin',(0.,0.,0.));
#3449=CARTESIAN_POINT('',(-1.,-1.22464679914735E-16,0.));
#3450=CARTESIAN_POINT('',(-1.,-1.22464679914735E-16,0.));
#3451=CARTESIAN_POINT('Origin',(0.,0.,0.));
#3452=CARTESIAN_POINT('Origin',(0.,0.,0.));
#3453=CARTESIAN_POINT('Origin',(-17.2916164657906,-9.99200722162641E-15,
-4.));
#3454=CARTESIAN_POINT('',(-17.2916164657906,-1.50000000000001,-4.));
#3455=CARTESIAN_POINT('Origin',(-17.2916164657906,-9.99200722162641E-15,
-4.));
#3456=CARTESIAN_POINT('',(-19.3649169876444,-1.50000000000001,-4.));
#3457=CARTESIAN_POINT('',(-17.2916164657906,-1.50000000000001,-4.));
#3458=CARTESIAN_POINT('Origin',(-19.3649169569305,-9.99200722162641E-15,
-4.));
#3459=CARTESIAN_POINT('Origin',(-17.2916164657906,-5.00000000000001,-8.));
#3460=CARTESIAN_POINT('',(-17.2916164657906,4.99999999999999,-8.));
#3461=CARTESIAN_POINT('',(-17.2916164657906,-5.00000000000001,-8.));
#3462=CARTESIAN_POINT('',(-17.2916164657906,4.99999999999999,-8.));
#3463=CARTESIAN_POINT('',(-17.2916164657906,4.99999999999999,0.));
#3464=CARTESIAN_POINT('',(-17.2916164657906,5.00000000000002,-13.));
#3465=CARTESIAN_POINT('',(-17.2916164657906,-5.00000000000001,0.));
#3466=CARTESIAN_POINT('',(-17.2916164657906,-2.5,0.));
#3467=CARTESIAN_POINT('',(-17.2916164657906,-5.00000000000002,-13.));
#3468=CARTESIAN_POINT('Origin',(0.,0.,0.));
#3469=CARTESIAN_POINT('Origin',(0.,0.,1.38777878078145E-15));
#3470=CARTESIAN_POINT('',(2.,2.44929359829471E-16,0.));
#3471=CARTESIAN_POINT('Origin',(0.,0.,0.));
#3472=CARTESIAN_POINT('',(-10.9647466546478,8.5,0.));
#3473=CARTESIAN_POINT('',(-10.9647466546478,-8.5,0.));
#3474=CARTESIAN_POINT('',(-10.9647466546478,-4.5,0.));
#3475=CARTESIAN_POINT('',(-10.4647466546478,-9.,0.));
#3476=CARTESIAN_POINT('Origin',(-10.4647466546478,-8.5,0.));
#3477=CARTESIAN_POINT('',(-8.46474665464784,-9.,0.));
#3478=CARTESIAN_POINT('',(-3.98237332732392,-9.,0.));
#3479=CARTESIAN_POINT('',(-7.96474665464784,-8.5,0.));
#3480=CARTESIAN_POINT('Origin',(-8.46474665464784,-8.5,0.));
#3481=CARTESIAN_POINT('',(-7.96474665464784,8.5,0.));
#3482=CARTESIAN_POINT('',(-7.96474665464784,4.5,0.));
#3483=CARTESIAN_POINT('',(-8.46474665464784,9.,0.));
#3484=CARTESIAN_POINT('Origin',(-8.46474665464784,8.5,0.));
#3485=CARTESIAN_POINT('',(-10.4647466546478,9.,0.));
#3486=CARTESIAN_POINT('',(-5.48237332732392,9.,0.));
#3487=CARTESIAN_POINT('Origin',(-10.4647466546478,8.5,0.));
#3488=CARTESIAN_POINT('',(13.,-8.,0.));
#3489=CARTESIAN_POINT('',(13.,8.,0.));
#3490=CARTESIAN_POINT('',(13.,4.,0.));
#3491=CARTESIAN_POINT('',(8.,8.,0.));
#3492=CARTESIAN_POINT('',(4.,8.,0.));
#3493=CARTESIAN_POINT('',(8.,-8.,0.));
#3494=CARTESIAN_POINT('',(8.,-4.,0.));
#3495=CARTESIAN_POINT('',(6.5,-8.,0.));
#3496=CARTESIAN_POINT('Origin',(0.,0.,-13.));
#3497=CARTESIAN_POINT('Origin',(0.,0.,-8.));
#3498=CARTESIAN_POINT('Origin',(-20.,0.,12.0000001788139));
#3499=CARTESIAN_POINT('',(-20.,0.,13.5000001788139));
#3500=CARTESIAN_POINT('',(-19.9436706751791,-1.5,12.0000001788139));
#3501=CARTESIAN_POINT('Ctrl Pts',(-20.,-2.42861286636753E-16,13.5000001788139));
#3502=CARTESIAN_POINT('Ctrl Pts',(-20.,-0.188419160374643,13.5000001788139));
#3503=CARTESIAN_POINT('Ctrl Pts',(-19.9970642050089,-0.389349212953321,
13.4623300875402));
#3504=CARTESIAN_POINT('Ctrl Pts',(-19.9864515188398,-0.758897433346328,
13.3092275289697));
#3505=CARTESIAN_POINT('Ctrl Pts',(-19.9789258885946,-0.927521549822963,
13.1937989725506));
#3506=CARTESIAN_POINT('Ctrl Pts',(-19.9647844973242,-1.19379893653581,12.9275215858378));
#3507=CARTESIAN_POINT('Ctrl Pts',(-19.9572496104738,-1.30922738271068,12.7588975327526));
#3508=CARTESIAN_POINT('Ctrl Pts',(-19.9466157470962,-1.46232985554425,12.3893495209631));
#3509=CARTESIAN_POINT('Ctrl Pts',(-19.9436706751791,-1.5,12.1884195412794));
#3510=CARTESIAN_POINT('Ctrl Pts',(-19.9436706751791,-1.5,12.0000001788139));
#3511=CARTESIAN_POINT('',(-20.,0.,10.5000001788139));
#3512=CARTESIAN_POINT('Ctrl Pts',(-20.,-4.5102810375397E-16,10.5000001788139));
#3513=CARTESIAN_POINT('Ctrl Pts',(-20.,0.188419160374642,10.5000001788139));
#3514=CARTESIAN_POINT('Ctrl Pts',(-19.9970642050089,0.389349212953321,10.5376702700876));
#3515=CARTESIAN_POINT('Ctrl Pts',(-19.9864515188398,0.758897433346328,10.6907728286582));
#3516=CARTESIAN_POINT('Ctrl Pts',(-19.9789258885946,0.927521549822964,10.8062013850773));
#3517=CARTESIAN_POINT('Ctrl Pts',(-19.9647844973242,1.19379893653582,11.0724787717901));
#3518=CARTESIAN_POINT('Ctrl Pts',(-19.9572496104738,1.30922738271068,11.2411028248753));
#3519=CARTESIAN_POINT('Ctrl Pts',(-19.9466157470962,1.46232985554425,11.6106508366647));
#3520=CARTESIAN_POINT('Ctrl Pts',(-19.9436706751791,1.5,11.8115808163485));
#3521=CARTESIAN_POINT('Ctrl Pts',(-19.9436706751791,1.5,12.0000001788139));
#3522=CARTESIAN_POINT('Ctrl Pts',(-19.9436706751791,1.5,12.1884195412794));
#3523=CARTESIAN_POINT('Ctrl Pts',(-19.9466157470962,1.46232985554425,12.3893495209631));
#3524=CARTESIAN_POINT('Ctrl Pts',(-19.9572496104738,1.30922738271068,12.7588975327526));
#3525=CARTESIAN_POINT('Ctrl Pts',(-19.9647844973242,1.19379893653581,12.9275215858378));
#3526=CARTESIAN_POINT('Ctrl Pts',(-19.9789258885946,0.927521549822963,13.1937989725506));
#3527=CARTESIAN_POINT('Ctrl Pts',(-19.9864515188398,0.758897433346328,13.3092275289697));
#3528=CARTESIAN_POINT('Ctrl Pts',(-19.9970642050089,0.389349212953321,13.4623300875402));
#3529=CARTESIAN_POINT('Ctrl Pts',(-20.,0.188419160374643,13.5000001788139));
#3530=CARTESIAN_POINT('Ctrl Pts',(-20.,4.16333634234434E-16,13.5000001788139));
#3531=CARTESIAN_POINT('Ctrl Pts',(-19.9436706751791,-1.5,12.0000001788139));
#3532=CARTESIAN_POINT('Ctrl Pts',(-19.9436706751791,-1.5,11.8115808163485));
#3533=CARTESIAN_POINT('Ctrl Pts',(-19.9466157470962,-1.46232985554425,11.6106508366647));
#3534=CARTESIAN_POINT('Ctrl Pts',(-19.9572496104738,-1.30922738271068,11.2411028248753));
#3535=CARTESIAN_POINT('Ctrl Pts',(-19.9647844973242,-1.19379893653582,11.0724787717901));
#3536=CARTESIAN_POINT('Ctrl Pts',(-19.9789258885946,-0.927521549822964,
10.8062013850773));
#3537=CARTESIAN_POINT('Ctrl Pts',(-19.9864515188398,-0.758897433346327,
10.6907728286582));
#3538=CARTESIAN_POINT('Ctrl Pts',(-19.9970642050089,-0.38934921295332,10.5376702700876));
#3539=CARTESIAN_POINT('Ctrl Pts',(-20.,-0.188419160374643,10.5000001788139));
#3540=CARTESIAN_POINT('Ctrl Pts',(-20.,-1.38777878078145E-16,10.5000001788139));
#3541=CARTESIAN_POINT('',(-17.9373911146521,-1.5,12.0000001788139));
#3542=CARTESIAN_POINT('',(-20.,-1.5,12.0000001788139));
#3543=CARTESIAN_POINT('',(-17.9373911146521,1.5,12.0000001788139));
#3544=CARTESIAN_POINT('Ctrl Pts',(-17.9373911146521,1.5,12.0000001788139));
#3545=CARTESIAN_POINT('Ctrl Pts',(-17.9373911146521,1.5,11.8115628968051));
#3546=CARTESIAN_POINT('Ctrl Pts',(-17.9406662997108,1.46232286445652,11.6106252564181));
#3547=CARTESIAN_POINT('Ctrl Pts',(-17.9524887099059,1.30921523840736,11.2410822185471));
#3548=CARTESIAN_POINT('Ctrl Pts',(-17.9608644481775,1.19378953583566,11.0724693710899));
#3549=CARTESIAN_POINT('Ctrl Pts',(-17.976581191093,0.927531025626326,10.8062108608806));
#3550=CARTESIAN_POINT('Ctrl Pts',(-17.9849442225719,0.758918081916487,10.6907849892761));
#3551=CARTESIAN_POINT('Ctrl Pts',(-17.9967375562106,0.389374725005531,10.5376772341074));
#3552=CARTESIAN_POINT('Ctrl Pts',(-18.,0.18843697358005,10.5000001788139));
#3553=CARTESIAN_POINT('Ctrl Pts',(-18.,-0.18843697358005,10.5000001788139));
#3554=CARTESIAN_POINT('Ctrl Pts',(-17.9967375562106,-0.389374725005534,
10.5376772341074));
#3555=CARTESIAN_POINT('Ctrl Pts',(-17.9849442225719,-0.75891808191649,10.6907849892761));
#3556=CARTESIAN_POINT('Ctrl Pts',(-17.976581191093,-0.927531025626326,10.8062108608806));
#3557=CARTESIAN_POINT('Ctrl Pts',(-17.9608644481775,-1.19378953583566,11.0724693710899));
#3558=CARTESIAN_POINT('Ctrl Pts',(-17.9524887099059,-1.30921523840736,11.2410822185471));
#3559=CARTESIAN_POINT('Ctrl Pts',(-17.9406662997108,-1.46232286445652,11.6106252564181));
#3560=CARTESIAN_POINT('Ctrl Pts',(-17.9373911146521,-1.5,11.8115628968051));
#3561=CARTESIAN_POINT('Ctrl Pts',(-17.9373911146521,-1.5,12.0000001788139));
#3562=CARTESIAN_POINT('Ctrl Pts',(-17.9373911146521,-1.5,12.0000001788139));
#3563=CARTESIAN_POINT('Ctrl Pts',(-17.9373911146521,-1.5,12.1884374608227));
#3564=CARTESIAN_POINT('Ctrl Pts',(-17.9406662997108,-1.46232286445652,12.3893751012098));
#3565=CARTESIAN_POINT('Ctrl Pts',(-17.9524887099059,-1.30921523840736,12.7589181390808));
#3566=CARTESIAN_POINT('Ctrl Pts',(-17.9608644481775,-1.19378953583566,12.9275309865379));
#3567=CARTESIAN_POINT('Ctrl Pts',(-17.976581191093,-0.927531025626326,13.1937894967473));
#3568=CARTESIAN_POINT('Ctrl Pts',(-17.9849442225719,-0.75891808191649,13.3092153683518));
#3569=CARTESIAN_POINT('Ctrl Pts',(-17.9967375562106,-0.389374725005534,
13.4623231235205));
#3570=CARTESIAN_POINT('Ctrl Pts',(-18.,-0.18843697358005,13.5000001788139));
#3571=CARTESIAN_POINT('Ctrl Pts',(-18.,0.18843697358005,13.5000001788139));
#3572=CARTESIAN_POINT('Ctrl Pts',(-17.9967375562106,0.389374725005534,13.4623231235205));
#3573=CARTESIAN_POINT('Ctrl Pts',(-17.9849442225719,0.758918081916491,13.3092153683518));
#3574=CARTESIAN_POINT('Ctrl Pts',(-17.976581191093,0.927531025626326,13.1937894967473));
#3575=CARTESIAN_POINT('Ctrl Pts',(-17.9608644481775,1.19378953583566,12.9275309865379));
#3576=CARTESIAN_POINT('Ctrl Pts',(-17.9524887099059,1.30921523840736,12.7589181390808));
#3577=CARTESIAN_POINT('Ctrl Pts',(-17.9406662997108,1.46232286445652,12.3893751012098));
#3578=CARTESIAN_POINT('Ctrl Pts',(-17.9373911146521,1.5,12.1884374608227));
#3579=CARTESIAN_POINT('Ctrl Pts',(-17.9373911146521,1.5,12.0000001788139));
#3580=CARTESIAN_POINT('Origin',(-20.3649167310371,-5.,7.03215172725577));
#3581=CARTESIAN_POINT('',(-19.3649167310371,-5.,7.03215170677986));
#3582=CARTESIAN_POINT('',(-19.3649167310371,5.,7.03215170677986));
#3583=CARTESIAN_POINT('Origin',(0.,0.,7.03215131026546));
#3584=CARTESIAN_POINT('',(-19.3649167310371,-5.,7.03215170677986));
#3585=CARTESIAN_POINT('Origin',(-19.3649167310371,-5.,7.03215170677986));
#3586=CARTESIAN_POINT('',(-19.3649167310371,5.,0.));
#3587=CARTESIAN_POINT('',(-19.3649167310371,5.,1.5));
#3588=CARTESIAN_POINT('',(-19.3649170388341,5.,-3.));
#3589=CARTESIAN_POINT('',(-19.3649170077911,5.,-6.48392415311202));
#3590=CARTESIAN_POINT('',(-19.3649170388341,5.,-8.));
#3591=CARTESIAN_POINT('',(-19.3649170388341,5.,-3.));
#3592=CARTESIAN_POINT('',(-19.3649170388341,-5.,-8.));
#3593=CARTESIAN_POINT('',(-19.3649170388341,-5.,-8.));
#3594=CARTESIAN_POINT('',(-19.3649170388341,-5.,-3.));
#3595=CARTESIAN_POINT('',(-19.3649170388341,-5.,-3.));
#3596=CARTESIAN_POINT('',(-19.3649167310371,-5.,0.));
#3597=CARTESIAN_POINT('',(-19.3649165982728,-5.,13.516075846888));
#3598=CARTESIAN_POINT('',(-19.3649167310371,-5.,1.5));
#3599=CARTESIAN_POINT('Origin',(-20.,-5.,20.));
#3600=CARTESIAN_POINT('',(-18.,-5.,-1.24205558969254));
#3601=CARTESIAN_POINT('Ctrl Pts',(-18.,-5.,-1.24205558969254));
#3602=CARTESIAN_POINT('Ctrl Pts',(-18.6591968081469,-5.,-2.0889194971865));
#3603=CARTESIAN_POINT('Ctrl Pts',(-19.3649167310371,-5.,-3.));
#3604=CARTESIAN_POINT('',(-18.,-5.,0.));
#3605=CARTESIAN_POINT('',(-18.,-5.,20.));
#3606=CARTESIAN_POINT('',(-10.,-5.,0.));
#3607=CARTESIAN_POINT('Origin',(-18.,0.,0.));
#3608=CARTESIAN_POINT('',(-18.,-4.27200187265877,-1.));
#3609=CARTESIAN_POINT('Ctrl Pts',(-18.,-4.27200187265877,-1.));
#3610=CARTESIAN_POINT('Ctrl Pts',(-18.,-4.63422368334321,-1.11152520746391));
#3611=CARTESIAN_POINT('Ctrl Pts',(-18.,-5.,-1.24205558969254));
#3612=CARTESIAN_POINT('',(-18.,-4.27200187265877,0.));
#3613=CARTESIAN_POINT('',(-18.,-4.27200187265877,0.));
#3614=CARTESIAN_POINT('',(-18.,0.,0.));
#3615=CARTESIAN_POINT('Origin',(-18.,0.,0.));
#3616=CARTESIAN_POINT('',(-18.,5.,-1.24205558969254));
#3617=CARTESIAN_POINT('',(-18.,4.27200187265877,-1.));
#3618=CARTESIAN_POINT('Ctrl Pts',(-18.,5.,-1.24205558969254));
#3619=CARTESIAN_POINT('Ctrl Pts',(-18.,4.63422368334321,-1.11152520746391));
#3620=CARTESIAN_POINT('Ctrl Pts',(-18.,4.27200187265877,-1.));
#3621=CARTESIAN_POINT('',(-18.,5.,0.));
#3622=CARTESIAN_POINT('',(-18.,5.,-20.));
#3623=CARTESIAN_POINT('',(-18.,4.27200187265877,0.));
#3624=CARTESIAN_POINT('',(-18.,0.,0.));
#3625=CARTESIAN_POINT('',(-18.,4.27200187265877,0.));
#3626=CARTESIAN_POINT('Origin',(-20.,5.,-20.));
#3627=CARTESIAN_POINT('',(-10.,5.,0.));
#3628=CARTESIAN_POINT('Ctrl Pts',(-19.3649167310371,5.,-3.));
#3629=CARTESIAN_POINT('Ctrl Pts',(-18.6591968081462,5.,-2.08891949718559));
#3630=CARTESIAN_POINT('Ctrl Pts',(-18.,5.,-1.24205558969254));
#3631=CARTESIAN_POINT('Origin',(0.,0.,-2.));
#3632=CARTESIAN_POINT('Origin',(0.,0.,-1.));
#3633=CARTESIAN_POINT('Origin',(0.,0.,-3.));
#3634=CARTESIAN_POINT('Origin',(0.,0.,1.5));
#3635=CARTESIAN_POINT('',(20.,2.44929359829471E-15,26.5));
#3636=CARTESIAN_POINT('Origin',(0.,0.,26.5));
#3637=CARTESIAN_POINT('',(20.,2.44929359829471E-15,0.));
#3638=CARTESIAN_POINT('',(20.,2.44929359829471E-15,1.5));
#3639=CARTESIAN_POINT('Origin',(0.,0.,0.));
#3640=CARTESIAN_POINT('Origin',(0.,0.,0.));
#3641=CARTESIAN_POINT('Origin',(0.,0.,0.));
#3642=CARTESIAN_POINT('Origin',(0.,0.,0.));
#3643=CARTESIAN_POINT('Origin',(0.,0.,0.));
#3644=CARTESIAN_POINT('Origin',(0.,0.,-3.));
#3645=CARTESIAN_POINT('Origin',(0.,0.,-8.));
#3646=CARTESIAN_POINT('Origin',(13.,-8.,0.));
#3647=CARTESIAN_POINT('',(13.,-8.,-34.5));
#3648=CARTESIAN_POINT('',(8.,-8.,-34.5));
#3649=CARTESIAN_POINT('Origin',(10.5,-8.,-34.5));
#3650=CARTESIAN_POINT('',(13.,-8.,0.));
#3651=CARTESIAN_POINT('',(8.,-8.,0.));
#3652=CARTESIAN_POINT('',(9.50000020861625,-8.,-34.0000002980232));
#3653=CARTESIAN_POINT('Origin',(10.5000000596046,-8.,-34.0000002980232));
#3654=CARTESIAN_POINT('Origin',(10.5,4.,-34.5));
#3655=CARTESIAN_POINT('',(8.,8.,-34.5));
#3656=CARTESIAN_POINT('',(13.,8.,-34.5));
#3657=CARTESIAN_POINT('Origin',(10.5,8.,-34.5));
#3658=CARTESIAN_POINT('',(13.,4.,-34.5));
#3659=CARTESIAN_POINT('',(8.,-4.,-34.5));
#3660=CARTESIAN_POINT('Origin',(13.,8.,0.));
#3661=CARTESIAN_POINT('',(13.,8.,0.));
#3662=CARTESIAN_POINT('Origin',(8.,8.,0.));
#3663=CARTESIAN_POINT('',(8.,8.,0.));
#3664=CARTESIAN_POINT('',(9.50000020861625,8.,-34.0000002980232));
#3665=CARTESIAN_POINT('Origin',(10.5000000596046,8.,-34.0000002980232));
#3666=CARTESIAN_POINT('Origin',(8.,-8.,0.));
#3667=CARTESIAN_POINT('Origin',(10.5000000596046,-8.,-34.0000002980232));
#3668=CARTESIAN_POINT('',(9.50000020861625,-8.,-34.0000002980232));
#3669=CARTESIAN_POINT('Origin',(0.,0.,-8.));
#3670=CARTESIAN_POINT('Origin',(-8.46474665464784,-8.5,1.5));
#3671=CARTESIAN_POINT('',(-8.46474665464784,-9.,6.5));
#3672=CARTESIAN_POINT('',(-7.96474665464784,-8.5,6.5));
#3673=CARTESIAN_POINT('Origin',(-8.46474665464784,-8.5,6.5));
#3674=CARTESIAN_POINT('',(-7.96474665464784,-8.5,1.5));
#3675=CARTESIAN_POINT('',(-8.46474665464784,-9.,1.5));
#3676=CARTESIAN_POINT('Origin',(-7.96474665464784,9.,1.5));
#3677=CARTESIAN_POINT('',(-7.96474665464784,8.5,6.5));
#3678=CARTESIAN_POINT('',(-7.96474665464784,9.,6.5));
#3679=CARTESIAN_POINT('',(-7.96474665464784,8.5,1.5));
#3680=CARTESIAN_POINT('Origin',(-8.46474665464784,8.5,1.5));
#3681=CARTESIAN_POINT('',(-8.46474665464784,9.,6.5));
#3682=CARTESIAN_POINT('Origin',(-8.46474665464784,8.5,6.5));
#3683=CARTESIAN_POINT('',(-8.46474665464784,9.,1.5));
#3684=CARTESIAN_POINT('Origin',(-10.9647466546478,9.,1.5));
#3685=CARTESIAN_POINT('',(-10.4647466546478,9.,6.5));
#3686=CARTESIAN_POINT('',(-10.9647466546478,9.,6.5));
#3687=CARTESIAN_POINT('',(-10.4647466546478,9.,1.5));
#3688=CARTESIAN_POINT('Origin',(-10.4647466546478,8.5,1.5));
#3689=CARTESIAN_POINT('',(-10.9647466546478,8.5,6.5));
#3690=CARTESIAN_POINT('Origin',(-10.4647466546478,8.5,6.5));
#3691=CARTESIAN_POINT('',(-10.9647466546478,8.5,1.5));
#3692=CARTESIAN_POINT('Origin',(-10.4647466546478,-8.5,1.5));
#3693=CARTESIAN_POINT('',(-10.9647466546478,-8.5,6.5));
#3694=CARTESIAN_POINT('',(-10.4647466546478,-9.,6.5));
#3695=CARTESIAN_POINT('Origin',(-10.4647466546478,-8.5,6.5));
#3696=CARTESIAN_POINT('',(-10.4647466546478,-9.,1.5));
#3697=CARTESIAN_POINT('',(-10.9647466546478,-8.5,1.5));
#3698=CARTESIAN_POINT('Origin',(-7.96474665464784,-9.,1.5));
#3699=CARTESIAN_POINT('',(-7.96474665464784,-9.,6.5));
#3700=CARTESIAN_POINT('Origin',(-10.9647466546478,9.,1.5));
#3701=CARTESIAN_POINT('',(-11.9647466546478,9.,6.5));
#3702=CARTESIAN_POINT('',(-10.9647466546478,10.,6.5));
#3703=CARTESIAN_POINT('Origin',(-10.9647466546478,9.,6.5));
#3704=CARTESIAN_POINT('',(-10.9647466546478,10.,1.5));
#3705=CARTESIAN_POINT('',(-10.9647466546478,10.,1.5));
#3706=CARTESIAN_POINT('',(-11.9647466546478,9.,1.5));
#3707=CARTESIAN_POINT('Origin',(-10.9647466546478,9.,1.5));
#3708=CARTESIAN_POINT('',(-11.9647466546478,9.,1.5));
#3709=CARTESIAN_POINT('Origin',(-6.96474665464784,10.,1.5));
#3710=CARTESIAN_POINT('',(-7.96474665464784,10.,6.5));
#3711=CARTESIAN_POINT('',(-11.9647466546478,10.,6.5));
#3712=CARTESIAN_POINT('',(-7.96474665464784,10.,1.5));
#3713=CARTESIAN_POINT('',(-7.96474665464784,10.,1.5));
#3714=CARTESIAN_POINT('',(-3.48237332732392,10.,1.5));
#3715=CARTESIAN_POINT('Origin',(-9.46474665464784,1.11022302462516E-15,
6.5));
#3716=CARTESIAN_POINT('',(-11.9647466546478,-9.,6.5));
#3717=CARTESIAN_POINT('',(-11.9647466546478,-10.,6.5));
#3718=CARTESIAN_POINT('',(-10.9647466546478,-10.,6.5));
#3719=CARTESIAN_POINT('Origin',(-10.9647466546478,-9.,6.5));
#3720=CARTESIAN_POINT('',(-7.96474665464784,-10.,6.5));
#3721=CARTESIAN_POINT('',(-6.96474665464784,-10.,6.5));
#3722=CARTESIAN_POINT('',(-6.96474665464784,-9.,6.5));
#3723=CARTESIAN_POINT('Origin',(-7.96474665464784,-9.,6.5));
#3724=CARTESIAN_POINT('',(-6.96474665464784,9.,6.5));
#3725=CARTESIAN_POINT('',(-6.96474665464784,10.,6.5));
#3726=CARTESIAN_POINT('Origin',(-7.96474665464784,9.,6.5));
#3727=CARTESIAN_POINT('',(-10.9647466546478,-9.,6.5));
#3728=CARTESIAN_POINT('Origin',(-7.96474665464784,9.,1.5));
#3729=CARTESIAN_POINT('',(-6.96474665464784,9.,1.5));
#3730=CARTESIAN_POINT('',(-6.96474665464784,9.,1.5));
#3731=CARTESIAN_POINT('Origin',(-7.96474665464784,9.,1.5));
#3732=CARTESIAN_POINT('Origin',(-6.96474665464784,-10.,1.5));
#3733=CARTESIAN_POINT('',(-6.96474665464784,-9.,1.5));
#3734=CARTESIAN_POINT('',(-6.96474665464784,-9.,1.5));
#3735=CARTESIAN_POINT('',(-6.96474665464784,-5.,1.5));
#3736=CARTESIAN_POINT('Origin',(-10.9647466546478,-9.,1.5));
#3737=CARTESIAN_POINT('',(-11.9647466546478,-9.,1.5));
#3738=CARTESIAN_POINT('',(-11.9647466546478,-9.,1.5));
#3739=CARTESIAN_POINT('',(-10.9647466546478,-10.,1.5));
#3740=CARTESIAN_POINT('Origin',(-10.9647466546478,-9.,1.5));
#3741=CARTESIAN_POINT('',(-10.9647466546478,-10.,1.5));
#3742=CARTESIAN_POINT('Origin',(-11.9647466546478,10.,1.5));
#3743=CARTESIAN_POINT('',(-11.9647466546478,5.,1.5));
#3744=CARTESIAN_POINT('Origin',(-7.96474665464784,-9.,1.5));
#3745=CARTESIAN_POINT('',(-7.96474665464784,-10.,1.5));
#3746=CARTESIAN_POINT('',(-7.96474665464784,-10.,1.5));
#3747=CARTESIAN_POINT('Origin',(-7.96474665464784,-9.,1.5));
#3748=CARTESIAN_POINT('Origin',(-11.9647466546478,-10.,1.5));
#3749=CARTESIAN_POINT('',(-5.98237332732392,-10.,1.5));
#3750=CARTESIAN_POINT('Origin',(0.,0.,1.5));
#3751=CARTESIAN_POINT('',(18.,2.20436423846524E-15,26.5));
#3752=CARTESIAN_POINT('Origin',(0.,0.,26.5));
#3753=CARTESIAN_POINT('',(18.,2.20436423846524E-15,1.5));
#3754=CARTESIAN_POINT('',(18.,2.20436423846524E-15,1.5));
#3755=CARTESIAN_POINT('Origin',(0.,0.,1.5));
#3756=CARTESIAN_POINT('Origin',(0.,0.,26.5));
#3757=CARTESIAN_POINT('Origin',(-10.9647466546478,-9.,1.5));
#3758=CARTESIAN_POINT('Origin',(-4.8,5.8,1.5));
#3759=CARTESIAN_POINT('',(-4.8,6.,1.5));
#3760=CARTESIAN_POINT('',(-5.,5.8,1.5));
#3761=CARTESIAN_POINT('Origin',(-4.8,5.8,1.5));
#3762=CARTESIAN_POINT('',(-4.8,6.,11.5));
#3763=CARTESIAN_POINT('',(-4.8,6.,1.5));
#3764=CARTESIAN_POINT('',(-5.,5.8,11.5));
#3765=CARTESIAN_POINT('Origin',(-4.8,5.8,11.5));
#3766=CARTESIAN_POINT('',(-5.,5.8,1.5));
#3767=CARTESIAN_POINT('Origin',(-5.,-6.,1.5));
#3768=CARTESIAN_POINT('',(-5.,-5.8,11.5));
#3769=CARTESIAN_POINT('',(-5.,-6.,11.5));
#3770=CARTESIAN_POINT('',(-5.,-5.8,1.5));
#3771=CARTESIAN_POINT('',(-5.,-5.8,1.5));
#3772=CARTESIAN_POINT('',(-5.,-3.,1.5));
#3773=CARTESIAN_POINT('Origin',(4.8,5.8,1.5));
#3774=CARTESIAN_POINT('',(5.,5.8,1.5));
#3775=CARTESIAN_POINT('',(4.8,6.,1.5));
#3776=CARTESIAN_POINT('Origin',(4.8,5.8,1.5));
#3777=CARTESIAN_POINT('',(5.,5.8,11.5));
#3778=CARTESIAN_POINT('',(5.,5.8,1.5));
#3779=CARTESIAN_POINT('',(4.8,6.,11.5));
#3780=CARTESIAN_POINT('Origin',(4.8,5.8,11.5));
#3781=CARTESIAN_POINT('',(4.8,6.,1.5));
#3782=CARTESIAN_POINT('Origin',(-5.,6.,1.5));
#3783=CARTESIAN_POINT('',(-2.5,6.,1.5));
#3784=CARTESIAN_POINT('',(-5.,6.,11.5));
#3785=CARTESIAN_POINT('Origin',(4.8,-5.8,1.5));
#3786=CARTESIAN_POINT('',(4.8,-6.,1.5));
#3787=CARTESIAN_POINT('',(5.,-5.8,1.5));
#3788=CARTESIAN_POINT('Origin',(4.8,-5.8,1.5));
#3789=CARTESIAN_POINT('',(4.8,-6.,11.5));
#3790=CARTESIAN_POINT('',(4.8,-6.,1.5));
#3791=CARTESIAN_POINT('',(5.,-5.8,11.5));
#3792=CARTESIAN_POINT('Origin',(4.8,-5.8,11.5));
#3793=CARTESIAN_POINT('',(5.,-5.8,1.5));
#3794=CARTESIAN_POINT('Origin',(5.,6.,1.5));
#3795=CARTESIAN_POINT('',(5.,3.,1.5));
#3796=CARTESIAN_POINT('',(5.,6.,11.5));
#3797=CARTESIAN_POINT('Origin',(-4.8,-5.8,1.5));
#3798=CARTESIAN_POINT('',(-4.8,-6.,1.5));
#3799=CARTESIAN_POINT('Origin',(-4.8,-5.8,1.5));
#3800=CARTESIAN_POINT('',(-4.8,-6.,11.5));
#3801=CARTESIAN_POINT('Origin',(-4.8,-5.8,11.5));
#3802=CARTESIAN_POINT('',(-4.8,-6.,1.5));
#3803=CARTESIAN_POINT('Origin',(5.,-6.,1.5));
#3804=CARTESIAN_POINT('',(2.5,-6.,1.5));
#3805=CARTESIAN_POINT('',(5.,-6.,11.5));
#3806=CARTESIAN_POINT('Origin',(-5.5,6.5,1.5));
#3807=CARTESIAN_POINT('',(-6.5,6.5,11.5));
#3808=CARTESIAN_POINT('',(-5.5,7.5,11.5));
#3809=CARTESIAN_POINT('Origin',(-5.5,6.5,11.5));
#3810=CARTESIAN_POINT('',(-5.5,7.5,1.5));
#3811=CARTESIAN_POINT('',(-5.5,7.5,1.5));
#3812=CARTESIAN_POINT('',(-6.5,6.5,1.5));
#3813=CARTESIAN_POINT('Origin',(-5.5,6.5,1.5));
#3814=CARTESIAN_POINT('',(-6.5,6.5,1.5));
#3815=CARTESIAN_POINT('Origin',(6.5,7.5,1.5));
#3816=CARTESIAN_POINT('',(5.5,7.5,11.5));
#3817=CARTESIAN_POINT('',(-6.5,7.5,11.5));
#3818=CARTESIAN_POINT('',(5.5,7.5,1.5));
#3819=CARTESIAN_POINT('',(5.5,7.5,1.5));
#3820=CARTESIAN_POINT('',(3.25,7.5,1.5));
#3821=CARTESIAN_POINT('Origin',(0.,0.,11.5));
#3822=CARTESIAN_POINT('',(-6.5,-6.5,11.5));
#3823=CARTESIAN_POINT('',(-6.5,-7.5,11.5));
#3824=CARTESIAN_POINT('',(-5.5,-7.5,11.5));
#3825=CARTESIAN_POINT('Origin',(-5.5,-6.5,11.5));
#3826=CARTESIAN_POINT('',(5.5,-7.5,11.5));
#3827=CARTESIAN_POINT('',(6.5,-7.5,11.5));
#3828=CARTESIAN_POINT('',(6.5,-6.5,11.5));
#3829=CARTESIAN_POINT('Origin',(5.5,-6.5,11.5));
#3830=CARTESIAN_POINT('',(6.5,6.5,11.5));
#3831=CARTESIAN_POINT('',(6.5,7.5,11.5));
#3832=CARTESIAN_POINT('Origin',(5.5,6.5,11.5));
#3833=CARTESIAN_POINT('Origin',(5.5,6.5,1.5));
#3834=CARTESIAN_POINT('',(6.5,6.5,1.5));
#3835=CARTESIAN_POINT('',(6.5,6.5,1.5));
#3836=CARTESIAN_POINT('Origin',(5.5,6.5,1.5));
#3837=CARTESIAN_POINT('Origin',(6.5,-7.5,1.5));
#3838=CARTESIAN_POINT('',(6.5,-6.5,1.5));
#3839=CARTESIAN_POINT('',(6.5,-6.5,1.5));
#3840=CARTESIAN_POINT('',(6.5,-3.75,1.5));
#3841=CARTESIAN_POINT('Origin',(5.5,-6.5,1.5));
#3842=CARTESIAN_POINT('',(5.5,-7.5,1.5));
#3843=CARTESIAN_POINT('',(5.5,-7.5,1.5));
#3844=CARTESIAN_POINT('Origin',(5.5,-6.5,1.5));
#3845=CARTESIAN_POINT('Origin',(-6.5,-7.5,1.5));
#3846=CARTESIAN_POINT('',(-5.5,-7.5,1.5));
#3847=CARTESIAN_POINT('',(-5.5,-7.5,1.5));
#3848=CARTESIAN_POINT('',(-3.25,-7.5,1.5));
#3849=CARTESIAN_POINT('Origin',(-5.5,-6.5,1.5));
#3850=CARTESIAN_POINT('',(-6.5,-6.5,1.5));
#3851=CARTESIAN_POINT('',(-6.5,-6.5,1.5));
#3852=CARTESIAN_POINT('Origin',(-5.5,-6.5,1.5));
#3853=CARTESIAN_POINT('Origin',(-6.5,7.5,1.5));
#3854=CARTESIAN_POINT('',(-6.5,3.75,1.5));
#3855=CARTESIAN_POINT('Origin',(0.,0.,1.5));
#3856=CARTESIAN_POINT('Origin',(0.,0.,1.5));
#3857=CARTESIAN_POINT('',(2.,2.44929359829471E-16,1.5));
#3858=CARTESIAN_POINT('Origin',(0.,0.,1.5));
#3859=CARTESIAN_POINT('',(2.,-2.44929359829471E-16,1.5));
#3860=CARTESIAN_POINT('Origin',(0.,0.,1.5));
#3861=CARTESIAN_POINT('',(12.0185175629155,3.33066907387547E-15,-37.1928210872531));
#3862=CARTESIAN_POINT('',(10.5000000596048,9.,-34.0000002980233));
#3863=CARTESIAN_POINT('',(4.70838353420945,-5.19362330919648E-12,-26.9999997615711));
#3864=CARTESIAN_POINT('',(0.,0.,26.5271316691159));
#3865=CARTESIAN_POINT('',(-9.28762114271629,9.00000000000001,-26.9679263248414));
#3866=UNCERTAINTY_MEASURE_WITH_UNIT(LENGTH_MEASURE(0.01),#3878,
'DISTANCE_ACCURACY_VALUE',
'Maximum model space distance between geometric entities at asserted c
onnectivities');
#3867=UNCERTAINTY_MEASURE_WITH_UNIT(LENGTH_MEASURE(0.01),#3878,
'DISTANCE_ACCURACY_VALUE',
'Maximum model space distance between geometric entities at asserted c
onnectivities');
#3868=UNCERTAINTY_MEASURE_WITH_UNIT(LENGTH_MEASURE(0.01),#3878,
'DISTANCE_ACCURACY_VALUE',
'Maximum model space distance between geometric entities at asserted c
onnectivities');
#3869=UNCERTAINTY_MEASURE_WITH_UNIT(LENGTH_MEASURE(0.01),#3878,
'DISTANCE_ACCURACY_VALUE',
'Maximum model space distance between geometric entities at asserted c
onnectivities');
#3870=UNCERTAINTY_MEASURE_WITH_UNIT(LENGTH_MEASURE(0.01),#3878,
'DISTANCE_ACCURACY_VALUE',
'Maximum model space distance between geometric entities at asserted c
onnectivities');
#3871=UNCERTAINTY_MEASURE_WITH_UNIT(LENGTH_MEASURE(0.01),#3878,
'DISTANCE_ACCURACY_VALUE',
'Maximum model space distance between geometric entities at asserted c
onnectivities');
#3872=(
GEOMETRIC_REPRESENTATION_CONTEXT(3)
GLOBAL_UNCERTAINTY_ASSIGNED_CONTEXT((#3866))
GLOBAL_UNIT_ASSIGNED_CONTEXT((#3878,#3880,#3881))
REPRESENTATION_CONTEXT('','3D')
);
#3873=(
GEOMETRIC_REPRESENTATION_CONTEXT(3)
GLOBAL_UNCERTAINTY_ASSIGNED_CONTEXT((#3867))
GLOBAL_UNIT_ASSIGNED_CONTEXT((#3878,#3880,#3881))
REPRESENTATION_CONTEXT('','3D')
);
#3874=(
GEOMETRIC_REPRESENTATION_CONTEXT(3)
GLOBAL_UNCERTAINTY_ASSIGNED_CONTEXT((#3868))
GLOBAL_UNIT_ASSIGNED_CONTEXT((#3878,#3880,#3881))
REPRESENTATION_CONTEXT('','3D')
);
#3875=(
GEOMETRIC_REPRESENTATION_CONTEXT(3)
GLOBAL_UNCERTAINTY_ASSIGNED_CONTEXT((#3869))
GLOBAL_UNIT_ASSIGNED_CONTEXT((#3878,#3880,#3881))
REPRESENTATION_CONTEXT('','3D')
);
#3876=(
GEOMETRIC_REPRESENTATION_CONTEXT(3)
GLOBAL_UNCERTAINTY_ASSIGNED_CONTEXT((#3870))
GLOBAL_UNIT_ASSIGNED_CONTEXT((#3878,#3880,#3881))
REPRESENTATION_CONTEXT('','3D')
);
#3877=(
GEOMETRIC_REPRESENTATION_CONTEXT(3)
GLOBAL_UNCERTAINTY_ASSIGNED_CONTEXT((#3871))
GLOBAL_UNIT_ASSIGNED_CONTEXT((#3878,#3880,#3881))
REPRESENTATION_CONTEXT('','3D')
);
#3878=(
LENGTH_UNIT()
NAMED_UNIT(*)
SI_UNIT(.MILLI.,.METRE.)
);
#3879=(
LENGTH_UNIT()
NAMED_UNIT(*)
SI_UNIT($,.METRE.)
);
#3880=(
NAMED_UNIT(*)
PLANE_ANGLE_UNIT()
SI_UNIT($,.RADIAN.)
);
#3881=(
NAMED_UNIT(*)
SI_UNIT($,.STERADIAN.)
SOLID_ANGLE_UNIT()
);
#3882=SHAPE_DEFINITION_REPRESENTATION(#3887,#3897);
#3883=SHAPE_DEFINITION_REPRESENTATION(#3888,#3898);
#3884=SHAPE_DEFINITION_REPRESENTATION(#3889,#3899);
#3885=SHAPE_DEFINITION_REPRESENTATION(#3890,#3900);
#3886=SHAPE_DEFINITION_REPRESENTATION(#3891,#3901);
#3887=PRODUCT_DEFINITION_SHAPE('',$,#3903);
#3888=PRODUCT_DEFINITION_SHAPE('',$,#3904);
#3889=PRODUCT_DEFINITION_SHAPE('',$,#3905);
#3890=PRODUCT_DEFINITION_SHAPE('',$,#3906);
#3891=PRODUCT_DEFINITION_SHAPE('',$,#3907);
#3892=PRODUCT_DEFINITION_SHAPE($,$,#26);
#3893=PRODUCT_DEFINITION_SHAPE($,$,#27);
#3894=PRODUCT_DEFINITION_SHAPE($,$,#28);
#3895=PRODUCT_DEFINITION_SHAPE($,$,#29);
#3896=PRODUCT_DEFINITION_SHAPE($,$,#30);
#3897=SHAPE_REPRESENTATION('',(#2214,#2436,#2437,#2438,#2439,#2440),#3872);
#3898=SHAPE_REPRESENTATION('',(#2215),#3873);
#3899=SHAPE_REPRESENTATION('',(#2268),#3874);
#3900=SHAPE_REPRESENTATION('',(#2288,#43),#3875);
#3901=SHAPE_REPRESENTATION('',(#2316),#3876);
#3902=PRODUCT_DEFINITION_CONTEXT('part definition',#3919,'design');
#3903=PRODUCT_DEFINITION('jump_body (v10~recovered)',
'jump_body (v10~recovered)',#3908,#3902);
#3904=PRODUCT_DEFINITION('H_hook','H_hook v5',#3909,#3902);
#3905=PRODUCT_DEFINITION('A_hook','A_hook v9',#3910,#3902);
#3906=PRODUCT_DEFINITION('nose_cone','nose_cone v6',#3911,#3902);
#3907=PRODUCT_DEFINITION('axle','axle v2',#3912,#3902);
#3908=PRODUCT_DEFINITION_FORMATION('',$,#3921);
#3909=PRODUCT_DEFINITION_FORMATION('',$,#3922);
#3910=PRODUCT_DEFINITION_FORMATION('',$,#3923);
#3911=PRODUCT_DEFINITION_FORMATION('',$,#3924);
#3912=PRODUCT_DEFINITION_FORMATION('',$,#3925);
#3913=PRODUCT_RELATED_PRODUCT_CATEGORY('jump_body (v10~recovered)',
'jump_body (v10~recovered)',(#3921));
#3914=PRODUCT_RELATED_PRODUCT_CATEGORY('H_hook v5','H_hook v5',(#3922));
#3915=PRODUCT_RELATED_PRODUCT_CATEGORY('A_hook v9','A_hook v9',(#3923));
#3916=PRODUCT_RELATED_PRODUCT_CATEGORY('nose_cone v6','nose_cone v6',(#3924));
#3917=PRODUCT_RELATED_PRODUCT_CATEGORY('axle v2','axle v2',(#3925));
#3918=APPLICATION_PROTOCOL_DEFINITION('international standard',
'automotive_design',2009,#3919);
#3919=APPLICATION_CONTEXT(
'Core Data for Automotive Mechanical Design Process');
#3920=PRODUCT_CONTEXT('part definition',#3919,'mechanical');
#3921=PRODUCT('jump_body (v10~recovered)','jump_body (v10~recovered)',$,
(#3920));
#3922=PRODUCT('H_hook','H_hook v5',$,(#3920));
#3923=PRODUCT('A_hook','A_hook v9',$,(#3920));
#3924=PRODUCT('nose_cone','nose_cone v6',$,(#3920));
#3925=PRODUCT('axle','axle v2',$,(#3920));
#3926=PRESENTATION_STYLE_ASSIGNMENT((#3927));
#3927=SURFACE_STYLE_USAGE(.BOTH.,#3928);
#3928=SURFACE_SIDE_STYLE('',(#3929));
#3929=SURFACE_STYLE_FILL_AREA(#3930);
#3930=FILL_AREA_STYLE('Steel - Satin',(#3931));
#3931=FILL_AREA_STYLE_COLOUR('Steel - Satin',#3932);
#3932=COLOUR_RGB('Steel - Satin',0.627450980392157,0.627450980392157,0.627450980392157);
ENDSEC;
END-ISO-10303-21;
